Workbook
Name CCG: INDIRECT("Reference!$H$2:$H$"&Reference!$I$2+1)
Name Chart1b: [1]Hip!#REF!
Name ColCat: OFFSET('[2]Column Chart'!$A$2,0,0,COUNTA('[2]Column Chart'!$A:$A)-1,1)
Name ColData: OFFSET('[2]Column Chart'!$B$2,0,0,COUNTA('[2]Column Chart'!$B:$B)-1,1)
Name ColStand: OFFSET('[2]Column Chart'!$C$2,0,0,COUNTA('[2]Column Chart'!$A:$A)-1,1)
Name DonutCat: OFFSET('[2]Donut & Pie'!$A$2,0,0,COUNTA('[2]Donut & Pie'!$A:$A)-1,1)
Name DonutData: OFFSET('[2]Donut & Pie'!$B$2,0,0,COUNTA('[2]Donut & Pie'!$A:$A)-1,1)
Name Funnel_Data: INDIRECT("'Provider Commission - Raw Data'!$A$1:$Q$"&ProvCommData!$B$61)
Name Funnel_Data: INDIRECT("'Provider Commission - Raw Data'!$A$1:$Q$"&'Chart data'!$B$47)
Name Funnel_Organisation_Level: INDIRECT("Reference!$AF$2:$AF$"&Reference!$AG$2+1)
Name HbarCat: OFFSET('[2]H Bar Chart'!$A$2,0,0,COUNTA('[2]H Bar Chart'!$A:$A)-1,1)
Name HbarData: OFFSET('[2]H Bar Chart'!$B$2,0,0,COUNTA('[2]H Bar Chart'!$A:$A)-1,1)
Name HBarStand: OFFSET('[2]H Bar Chart'!$C$2,0,0,COUNTA('[2]H Bar Chart'!$A:$A)-1,1)
Name HBarStandx: OFFSET('[2]H Bar Chart'!$C$2,0,0,COUNTA('[2]H Bar Chart'!$A:$A)-1,1)
Name HBarStandY: OFFSET('[2]H Bar Chart'!$D$2,0,0,COUNTA('[2]H Bar Chart'!$A:$A)-1,1)
Name KeyFacts_Organisation_Level: INDIRECT("Reference!$AC$2:$AC$"&Reference!$AD$2+1)
Name KeyFacts_RawData: INDIRECT("'Key Facts - Raw Data'!$A$1:$M$"&'Chart data'!$B$41)
Name MPTS_Data1: OFFSET('[2]Multi-series Line Chart'!$B$2,0,0,COUNTA('[2]Multi-series Line Chart'!$B:$B)-1,1)
Name MPTS_Data10: OFFSET('[2]Multi-series Line Chart'!$K$2,0,0,COUNTA('[2]Multi-series Line Chart'!$K:$K)-1,1)
Name MPTS_Data11: OFFSET('[2]Multi-series Line Chart'!$L$2,0,0,COUNTA('[2]Multi-series Line Chart'!$L:$L)-1,1)
Name MPTS_Data12: OFFSET('[2]Multi-series Line Chart'!$M$2,0,0,COUNTA('[2]Multi-series Line Chart'!$M:$M)-1,1)
Name MPTS_Data13: OFFSET('[2]Multi-series Line Chart'!$N$2,0,0,COUNTA('[2]Multi-series Line Chart'!$N:$N)-1,1)
Name MPTS_Data14: OFFSET('[2]Multi-series Line Chart'!$O$2,0,0,COUNTA('[2]Multi-series Line Chart'!$O:$O)-1,1)
Name MPTS_Data15: OFFSET('[2]Multi-series Line Chart'!$P$2,0,0,COUNTA('[2]Multi-series Line Chart'!$P:$P)-1,1)
Name MPTS_Data2: OFFSET('[2]Multi-series Line Chart'!$C$2,0,0,COUNTA('[2]Multi-series Line Chart'!$C:$C)-1,1)
Name MPTS_Data3: OFFSET('[2]Multi-series Line Chart'!$D$2,0,0,COUNTA('[2]Multi-series Line Chart'!$D:$D)-1,1)
Name MPTS_Data4: OFFSET('[2]Multi-series Line Chart'!$E$2,0,0,COUNTA('[2]Multi-series Line Chart'!$E:$E)-1,1)
Name MPTS_Data5: OFFSET('[2]Multi-series Line Chart'!$F$2,0,0,COUNTA('[2]Multi-series Line Chart'!$F:$F)-1,1)
Name MPTS_Data6: OFFSET('[2]Multi-series Line Chart'!$G$2,0,0,COUNTA('[2]Multi-series Line Chart'!$G:$G)-1,1)
Name MPTS_Data7: OFFSET('[2]Multi-series Line Chart'!$H$2,0,0,COUNTA('[2]Multi-series Line Chart'!$H:$H)-1,1)
Name MPTS_Data8: OFFSET('[2]Multi-series Line Chart'!$I$2,0,0,COUNTA('[2]Multi-series Line Chart'!$I:$I)-1,1)
Name MPTS_Data9: OFFSET('[2]Multi-series Line Chart'!$J$2,0,0,COUNTA('[2]Multi-series Line Chart'!$J:$J)-1,1)
Name MPTS_Period: OFFSET('[2]Multi-series Line Chart'!$A$2,0,0,COUNTA('[2]Multi-series Line Chart'!$A:$A)-1,1)
Name MPTSStand: OFFSET('[2]Multi-series Line Chart'!$Q$2,0,0,COUNTA('[2]Multi-series Line Chart'!$A:$A)-1,1)
Name Participation_Data: INDIRECT("'Participation - Raw Data'!$B$1:$Bm$"&ProvCommData!$B$58)
Name Participation_Data: INDIRECT("'Participation - Raw Data'!$B$1:$Bm$"&'Chart data'!$B$44)
Name PCTs: INDIRECT("Reference!$K$2:$K$"&Reference!$L$2+1)
Name Procedure_List: Reference!$Y$13:$Y$18
Name ProviderCommissionerNewChart: 'Provider Commission - NewChart'!$B$2:$Q$7585
Name Providers: INDIRECT("Reference!$E$2:$E$"&Reference!$F$2+1)
Name ScatItem: OFFSET([2]Scatterplot!$A$2,0,0,COUNTA([2]Scatterplot!$A:$A)-1,1)
Name ScatX: OFFSET([2]Scatterplot!$B$2,0,0,COUNTA([2]Scatterplot!$A:$A)-1,1)
Name ScatY: OFFSET([2]Scatterplot!$C$2,0,0,COUNTA([2]Scatterplot!$A:$A)-1,1)
Name ScatYG1: OFFSET([2]Scatterplot!$E$2,0,0,COUNTA([2]Scatterplot!$A:$A)-1,1)
Name ScatYG2: OFFSET([2]Scatterplot!$F$2,0,0,COUNTA([2]Scatterplot!$A:$A)-1,1)
Name ScatYG3: OFFSET([2]Scatterplot!$G$2,0,0,COUNTA([2]Scatterplot!$A:$A)-1,1)
Name ScatYG4: OFFSET([2]Scatterplot!$H$2,0,0,COUNTA([2]Scatterplot!$A:$A)-1,1)
Name SCTSData1: OFFSET('[2]Area Chart or Column'!$B$2,0,0,COUNTA('[2]Area Chart or Column'!$A:$A)-1,1)
Name SCTSData2: OFFSET('[2]Area Chart or Column'!$C$2,0,0,COUNTA('[2]Area Chart or Column'!$A:$A)-1,1)
Name SCTSData3: OFFSET('[2]Area Chart or Column'!$D$2,0,0,COUNTA('[2]Area Chart or Column'!$A:$A)-1,1)
Name SCTSPeriod: OFFSET('[2]Area Chart or Column'!$A$2,0,0,COUNTA('[2]Area Chart or Column'!$A:$A)-1,1)
Name SHAs: Reference!$N$2:$N$10
Name STSPeriod: OFFSET('[2]Stacked TS'!$A$2,0,0,COUNTA('[2]Stacked TS'!$A$1:$A$13)-1,1)
Name STSYear1: OFFSET('[2]Stacked TS'!$B$2,0,0,COUNTA('[2]Stacked TS'!$A$1:$A$13)-1,1)
Name STSYear2: OFFSET('[2]Stacked TS'!$C$2,0,0,COUNTA('[2]Stacked TS'!$A$1:$A$13)-1,1)
Name STSYear3: OFFSET('[2]Stacked TS'!$D$2,0,0,COUNTA('[2]Stacked TS'!$A$1:$A$13)-1,1)
Name STSYear4: OFFSET('[2]Stacked TS'!$E$2,0,0,COUNTA('[2]Stacked TS'!$A$1:$A$13)-1,1)
Name STSYear5: OFFSET('[2]Stacked TS'!#REF!,0,0,COUNTA('[2]Stacked TS'!$A$1:$A$13)-1,1)
Name STSYear6: OFFSET('[2]Stacked TS'!#REF!,0,0,COUNTA('[2]Stacked TS'!$A$1:$A$13)-1,1)
Name STSYear7: OFFSET('[2]Stacked TS'!#REF!,0,0,COUNTA('[2]Stacked TS'!$A$1:$A$13)-1,1)

Sheet How to use
A1: User guide for PROMs Score Comparison workbook
A3: Please note: | C3: 1 | E3: All cells with this colour code contain formula's - Do not change.
C4: 2 | D4: Named ranges - SHAs; PCTs; CCGs; Providers contain INDIRECT formulas which do not automatically update if columns are added or removed in the 'Reference' sheet. This should only be a factor during development and not quaterly updates.
C5: 3
C6: 4 | D6: Protection applied to individual sheets and the workbook structure is not password protected. Protection is use to facilitate usage not protect data.
C7: 5 | D7: Column F on this worksheet has been formated as a tick list - key lower case a to enter a tick.
A10: Quarterly updates | F10: Tick list
A12: 1 | B12: TAB | C12: Reference | E12: Update cells B2 - start of data range (month and year) for the Score Comparison (e.g. April 2011 for PROMs year 2011-12) | F12: a
E13: B3 - end of data range (month and year) for the Score Comparison (e.g. March 2012 for PROMs year 2011-12) | F13: a
E14: B4 - date (day month and year) this Score Comparison will be published (e.g.15th November 2013) | F14: a
E15: B5 - select true from the dropdown if this is a provisional data set and false if it is a finalised data set | F15: a
E16: B6 - date (day month and year) finalised data set is expected to be published. If this is a finalised data set put the date it will be published | F16: a
A18: 2 | B18: TAB | C18: Key Facts - Raw Data | E18: Get appropriate Key Facts CSV file from SharePoint (Key Facts folder under current publication number). Make sure - the Organisation names for Providers and CCGs have the organisation code in brackets after the name. - the lookup column is Organisation Type Organisation Name Procedure Measure concaternated with no additional spaces between the fields. - Check Orgnaisation Type, Organisation Name and Organisation Code are all ENGLAND and not National or ENG at England level. | F18: a
E19: Copy the new data set (without the column headings) and paste (use paste special - values and number formatting) into cell A2. Make a note of the last row number and check this is the number in cell B41 on the 'Chart data' tab. | F19: a
A21: 3 | B21: TAB | C21: Participation - Raw Data | E21: Get appropriate Participation and Linkage CSV file from SharePoint (Participation Rates folder under current publication number). Make sure - the Organisation names for Providers and CCGs have the organisation code in brackets after the name. - check Organisation Name and Organisation Code are both England and not National or ENG at England level. | F21: a
E22: Copy the new data set (without the column headings) and paste (use paste special - values and number formatting) into cell A2. Make a note of the last row number and check this is the number in cell B44 on the 'Chart data' tab. | F22: a
A24: 4 | B24: TAB | C24: Provider Commission - Raw Data | E24: Get appropriate Provider Commissioner CSV file from SharePoint (Provider Level folder under current publication number) - Make sure the Organisation names for Providers and CCGs have the organisation code in brackets after the name. | F24: a
E25: Sort by 'Procedure; Organisation Type; Measure; Organisation Name | F25: a
E26: N.B. Provider Commission - Raw Data, columns A and B contain formulas
E27: Copy the new data set (without the column headings) and paste (use paste special - values and number formatting) into cell C2 | F27: a
E28: Copy down the formulas columns A and B (cells containing formula's will be highlighted automatically). Make a note of the last row number and check this is the number in cell B47 on the 'Chart data' tab. | F28: a
E29: Repeat steps above for Provider Commission - New Chart'
A30: 5 | B30: TAB | C30: Funnel setup | E30: Run query QRY SCORE COMPARISON - FUNNEL SETUP from Code Library | F30: a
E31: This selects England level data for the specified year by Procedure and Measure for Modelled Records; Average Post-Op Q score; Adjusted Average Health Gain; Upper Control limit 99.8; Standard Deviation.
E32: Copy new data (without column headings) and paste (use paste special - values and number formatting) in cells B4. | F32: a
E34: Check Adjusted Average Health Gain and Upper Control Limit 99.8 have the same sign for Aberdeen Varicose Vein Questionnaire (+ or - doesn't matter which) | F34: a
A36: 6 | B36: TAB | C36: Reference | E36: Updated Columns E and H with the current CCG and Provider names from both Provider Commission - Raw Data and Participation - Raw data data sets. Make sure each name only appears once in each list and has the organisation code in brackets after the name. Sort each list alphabetically if there are any 'Unknown' place at the bottom of the list and not under 'U'. Check the number of organisations match those given on the 'Chart data' tab There are place holders for PCTs and SHAs which can be over typed with new organisational levels should the need arise. | F36: a
A38: 7 | B38: Finally | C38: Check all the 'Refers to' data in Named Ranges to ensure there are no #REF errors | F38: a
C39: Check there are no #N/A's in Chart Data
C40: Check the Score Comparison workbook is working properly e.g. drop down lists, dates, data etc.
C41: Check the Funnel Plot and Funnel Data worksheets are working properly e.g. drop down lists, dates, full data set included, no error messages etc.
C42: Check there are no error messages in Provider Commission - Lookup
A44: 8 | B44: Publication | C44: 1 | D44: Hide tabs in yellow
E45: How to use
E46: Reference
E47: Key Facts - Raw Data
E48: Participation - Raw Data
E49: Provider Commission - Raw Data
E50: Funnel setup
E51: Chart data
E52: Provider Commission - Lookup
E53: Funnel Lookup
C56: 2 | D56: Protect tabs | E56: DO NOT use a password - Protection is use to facilitate usage not protect data.
C57: 3 | D57: Protect workbook structure | E57: DO NOT use a password - Protection is use to facilitate usage not protect data.
A59: 9 | B59: How to | C59: To add or remove organisation levels on Reference tab
C60: - amend list in column AC for Key Facts – charts
C61: - amend list in column AF for Funnel Plot
C62: for example: to add Test to the list of available organisation levels for Key Facts – charts, type Test in the next available blank cell in column AC.
C63: When adding of removing organisations do not leave blank cells in the list.

Sheet Participation - Raw Data
A1: Organisation Code | B1: Organisation Name - SC | C1: All Procedures - Total HES Procedures | D1: All Procedures - Total Pre-Op Qs | E1: All Procedures - Participation Rate | F1: All Procedures - Total Linked | G1: All Procedures - Linkage rate | H1: All Procedures - Total Q2s sent to date | I1: All Procedures - Issue rate | J1: All Procedures - Total Q2s returned to date | K1: All Procedures - Response rate | L1: Hip Replacement - Total HES Procedures | M1: Hip Replacement - Total Pre-Op Qs | N1: Hip Replacement - Participation Rate | O1: Hip Replacement - Total Linked | P1: Hip Replacement - Linkage rate | Q1: Hip Replacement - Total Q2s sent to date | R1: Hip Replacement - Issue rate | S1: Hip Replacement - Total Q2s returned to date | T1: Hip Replacement - Response rate | U1: Primary Hip Replacement - Total HES Procedures | V1: Primary Hip Replacement - Total Pre-Op Qs | W1: Primary Hip Replacement - Participation Rate | X1: Primary Hip Replacement - Total Linked | Y1: Primary Hip Replacement - Linkage rate | Z1: Primary Hip Replacement - Total Q2s sent to date | AA1: Primary Hip Replacement - Issue rate | AB1: Primary Hip Replacement - Total Q2s returned to date | AC1: Primary Hip Replacement - Response rate | AD1: Revision Hip Replacement - Total HES Procedures | AE1: Revision Hip Replacement - Total Pre-Op Qs | AF1: Revision Hip Replacement - Participation Rate | AG1: Revision Hip Replacement - Total Linked | AH1: Revision Hip Replacement - Linkage rate | AI1: Revision Hip Replacement - Total Q2s sent to date | AJ1: Revision Hip Replacement - Issue rate | AK1: Revision Hip Replacement - Total Q2s returned to date | AL1: Revision Hip Replacement - Response rate | AM1: Knee Replacement - Total HES Procedures | AN1: Knee Replacement - Total Pre-Op Qs | AO1: Knee Replacement - Participation Rate | AP1: Knee Replacement - Total Linked | AQ1: Knee Replacement - Linkage rate | AR1: Knee Replacement - Total Q2s sent to date | AS1: Knee Replacement - Issue rate | AT1: Knee Replacement - Total Q2s returned to date | AU1: Knee Replacement - Response rate | AV1: Primary Knee Replacement - Total HES Procedures | AW1: Primary Knee Replacement - Total Pre-Op Qs | AX1: Primary Knee Replacement - Participation Rate | AY1: Primary Knee Replacement - Total Linked | AZ1: Primary Knee Replacement - Linkage rate | BA1: Primary Knee Replacement - Total Q2s sent to date | BB1: Primary Knee Replacement - Issue rate | BC1: Primary Knee Replacement - Total Q2s returned to date | BD1: Primary Knee Replacement - Response rate | BE1: Revision Knee Replacement - Total HES Procedures | BF1: Revision Knee Replacement - Total Pre-Op Qs | BG1: Revision Knee Replacement - Participation Rate | BH1: Revision Knee Replacement - Total Linked | BI1: Revision Knee Replacement - Linkage rate | BJ1: Revision Knee Replacement - Total Q2s sent to date | BK1: Revision Knee Replacement - Issue rate | BL1: Revision Knee Replacement - Total Q2s returned to date | BM1: Revision Knee Replacement - Response rate

Sheet Provider Commission - Raw Data
A1: . | B1: Lookup | C1: Procedure | D1: Organisation Type | E1: Organisation Code | F1: Organisation Name | G1: Measure | H1: Modelled Records | I1: Average Pre-Op Q Score | J1: Average Post-Op Q Score | K1: Health Gain | L1: Improved | M1: Same | N1: Worse | O1: Adjusted Post-Op Q Score | P1: Adjusted Average Health Gain | Q1: Standard Deviation
A2: =IF(C2&G2&D2<>'Funnel setup'!$K$3&'Funnel setup'!$K$4&'Funnel setup'!$K$6,".",IF(A1=".",1,A1+1)) -> . | B2: =C2&D2&F2&G2
A3: =IF(C3&G3&D3<>'Funnel setup'!$K$3&'Funnel setup'!$K$4&'Funnel setup'!$K$6,".",IF(A2=".",1,A2+1)) -> . | B3: =C3&D3&F3&G3
A4: =IF(C4&G4&D4<>'Funnel setup'!$K$3&'Funnel setup'!$K$4&'Funnel setup'!$K$6,".",IF(A3=".",1,A3+1)) -> . | B4: =C4&D4&F4&G4
A5: =IF(C5&G5&D5<>'Funnel setup'!$K$3&'Funnel setup'!$K$4&'Funnel setup'!$K$6,".",IF(A4=".",1,A4+1)) -> . | B5: =C5&D5&F5&G5
A6: =IF(C6&G6&D6<>'Funnel setup'!$K$3&'Funnel setup'!$K$4&'Funnel setup'!$K$6,".",IF(A5=".",1,A5+1)) -> . | B6: =C6&D6&F6&G6
A7: =IF(C7&G7&D7<>'Funnel setup'!$K$3&'Funnel setup'!$K$4&'Funnel setup'!$K$6,".",IF(A6=".",1,A6+1)) -> . | B7: =C7&D7&F7&G7
A8: =IF(C8&G8&D8<>'Funnel setup'!$K$3&'Funnel setup'!$K$4&'Funnel setup'!$K$6,".",IF(A7=".",1,A7+1)) -> . | B8: =C8&D8&F8&G8
A9: =IF(C9&G9&D9<>'Funnel setup'!$K$3&'Funnel setup'!$K$4&'Funnel setup'!$K$6,".",IF(A8=".",1,A8+1)) -> . | B9: =C9&D9&F9&G9
A10: =IF(C10&G10&D10<>'Funnel setup'!$K$3&'Funnel setup'!$K$4&'Funnel setup'!$K$6,".",IF(A9=".",1,A9+1)) -> . | B10: =C10&D10&F10&G10
A11: =IF(C11&G11&D11<>'Funnel setup'!$K$3&'Funnel setup'!$K$4&'Funnel setup'!$K$6,".",IF(A10=".",1,A10+1)) -> . | B11: =C11&D11&F11&G11
A12: =IF(C12&G12&D12<>'Funnel setup'!$K$3&'Funnel setup'!$K$4&'Funnel setup'!$K$6,".",IF(A11=".",1,A11+1)) -> . | B12: =C12&D12&F12&G12
A13: =IF(C13&G13&D13<>'Funnel setup'!$K$3&'Funnel setup'!$K$4&'Funnel setup'!$K$6,".",IF(A12=".",1,A12+1)) -> . | B13: =C13&D13&F13&G13
... A7768: =IF(C7768&G7768&D7768<>'Funnel setup'!$K$3&'Funnel setup'!$K$4&'Funnel setup'!$K$6,".",IF(A7767=".",1,A7767+1)) -> . | B7768: =C7768&D7768&F7768&G7768

Sheet Provider Commission - NewChart
A1: . | B1: Lookup | C1: Procedure | D1: Organisation Type | E1: Organisation Code | F1: Organisation Name | G1: Measure | H1: Modelled Records | I1: Average Pre-Op Q Score | J1: Average Post-Op Q Score | K1: Health Gain | L1: Improved | M1: Same | N1: Worse | O1: Adjusted Post-Op Q Score | P1: Adjusted Average Health Gain | Q1: Standard Deviation
A2: =IF(C2&G2&D2<>'Funnel setup'!$K$3&'Funnel setup'!$K$4&'Funnel setup'!$K$6,".",IF(A1=".",1,A1+1)) -> . | B2: =C2&D2&F2&G2
A3: =IF(C3&G3&D3<>'Funnel setup'!$K$3&'Funnel setup'!$K$4&'Funnel setup'!$K$6,".",IF(A2=".",1,A2+1)) -> . | B3: =C3&D3&F3&G3
A4: =IF(C4&G4&D4<>'Funnel setup'!$K$3&'Funnel setup'!$K$4&'Funnel setup'!$K$6,".",IF(A3=".",1,A3+1)) -> . | B4: =C4&D4&F4&G4
A5: =IF(C5&G5&D5<>'Funnel setup'!$K$3&'Funnel setup'!$K$4&'Funnel setup'!$K$6,".",IF(A4=".",1,A4+1)) -> . | B5: =C5&D5&F5&G5
A6: =IF(C6&G6&D6<>'Funnel setup'!$K$3&'Funnel setup'!$K$4&'Funnel setup'!$K$6,".",IF(A5=".",1,A5+1)) -> . | B6: =C6&D6&F6&G6
A7: =IF(C7&G7&D7<>'Funnel setup'!$K$3&'Funnel setup'!$K$4&'Funnel setup'!$K$6,".",IF(A6=".",1,A6+1)) -> . | B7: =C7&D7&F7&G7
A8: =IF(C8&G8&D8<>'Funnel setup'!$K$3&'Funnel setup'!$K$4&'Funnel setup'!$K$6,".",IF(A7=".",1,A7+1)) -> . | B8: =C8&D8&F8&G8
A9: =IF(C9&G9&D9<>'Funnel setup'!$K$3&'Funnel setup'!$K$4&'Funnel setup'!$K$6,".",IF(A8=".",1,A8+1)) -> . | B9: =C9&D9&F9&G9
A10: =IF(C10&G10&D10<>'Funnel setup'!$K$3&'Funnel setup'!$K$4&'Funnel setup'!$K$6,".",IF(A9=".",1,A9+1)) -> . | B10: =C10&D10&F10&G10
A11: =IF(C11&G11&D11<>'Funnel setup'!$K$3&'Funnel setup'!$K$4&'Funnel setup'!$K$6,".",IF(A10=".",1,A10+1)) -> . | B11: =C11&D11&F11&G11
A12: =IF(C12&G12&D12<>'Funnel setup'!$K$3&'Funnel setup'!$K$4&'Funnel setup'!$K$6,".",IF(A11=".",1,A11+1)) -> . | B12: =C12&D12&F12&G12
A13: =IF(C13&G13&D13<>'Funnel setup'!$K$3&'Funnel setup'!$K$4&'Funnel setup'!$K$6,".",IF(A12=".",1,A12+1)) -> . | B13: =C13&D13&F13&G13
... A7768: =IF(C7768&G7768&D7768<>'Funnel setup'!$K$3&'Funnel setup'!$K$4&'Funnel setup'!$K$6,".",IF(A7767=".",1,A7767+1)) -> . | B7768: =C7768&D7768&F7768&G7768

Sheet Funnel setup
B1: Data from dbo.AJW_Aggregated_Stats for Funnel Plot (Model2 for GH and VV; Model 3 for HR and KR)
A3: Lookup | B3: Procedure | C3: Measure | D3: Modelled Records | E3: Average Post-Op Q Score | F3: Adjusted Average Health Gain | G3: Upper Control Limit 99.8 | H3: Standard Deviation | J3: Procedure | K3: ='Funnel Plot'!B11 -> Total Hip Replacement
A4: =B4&C4 | J4: Measure | K4: ='Funnel Plot'!D11 -> Oxford Hip Score
A5: =B5&C5
A6: =B6&C6 | J6: Organisation Type | K6: ='Funnel Plot'!F11 -> Provider
A7: =B7&C7 | J7: Organisation Name | K7: ='Funnel Plot'!H11 -> BLACKPOOL TEACHING HOSPITALS NHS FOUNDATION TRUST (RXL)
A8: =B8&C8 | J8: Standard Deviation | K8: =VLOOKUP(K3&K4,A:H,8,0) -> #N/A
A9: =B9&C9 | J9: Mean (Adjusted Average Health Gain) | K9: =VLOOKUP(K3&K4,A:H,6,0) -> #N/A
A10: =B10&C10 | J10: Selected (n) | K10: =VLOOKUP(K3&K6&K7&K4,'Provider Commission - Raw Data'!B:Q,7,0) -> #N/A
A11: =B11&C11 | J11: Number of records (n) | K11: =MAX('Provider Commission - Raw Data'!A:A) -> 0
A12: =B12&C12 | J12: MIN (n) | K12: 10
A13: =B13&C13 | J13: MAX (n) | K13: {=CEILING(MAX(IF(ISERROR('Funnel Lookup'!S3:S403),50,'Funnel Lookup'!S3:S403)),50)} -> 50
A14: =B14&C14 | J14: Funnel Increment | K14: =EXP((LN(K13)-LN(K12))/19) -> 1.0883984
A15: =B15&C15 | K15: =IF(K4="Aberdeen Varicose Vein Questionnaire","Lower ","Upper ") -> Upper
A16: =B16&C16 | K16: =IF(K4="Aberdeen Varicose Vein Questionnaire","Upper ","Lower ") -> Lower
A17: =B17&C17 | J17: Funnel Plot - Image1
A18: =B18&C18 | J18: Funnel Plot - Image2
A19: =B19&C19
A20: =B20&C20
A21: =B21&C21 | K21: 95% control limits | L21: Upper 95% control limit | M21: 99.8% control limits | N21: Upper 99.8% control limit | O21: England | P21: Funnel Data
J22: x | K22: lower 2 sigma | L22: upper 2 sigma | M22: lower 3 sigma | N22: upper 3 sigma | O22: mean | P22: table key
J23: 10 | K23: =$K$9-(2*$K$8)/SQRT(J23) -> #N/A | L23: =$K$9+(2*$K$8)/SQRT(J23) -> #N/A | M23: =$K$9-(3*$K$8)/SQRT(J23) -> #N/A | N23: =$K$9+(3*$K$8)/SQRT(J23) -> #N/A | O23: =$K$9 -> #N/A | P23: 1
J24: =J23*K$14 -> 10.883984 | K24: =$K$9-(2*$K$8)/SQRT(J24) -> #N/A | L24: =$K$9+(2*$K$8)/SQRT(J24) -> #N/A | M24: =$K$9-(3*$K$8)/SQRT(J24) -> #N/A | N24: =$K$9+(3*$K$8)/SQRT(J24) -> #N/A | O24: =$K$9 -> #N/A | P24: =IF(P23="","",IF(P23+1>'Funnel setup'!$K$11,"",P23+1))
J25: =J24*K$14 -> 11.846111 | K25: =$K$9-(2*$K$8)/SQRT(J25) -> #N/A | L25: =$K$9+(2*$K$8)/SQRT(J25) -> #N/A | M25: =$K$9-(3*$K$8)/SQRT(J25) -> #N/A | N25: =$K$9+(3*$K$8)/SQRT(J25) -> #N/A | O25: =$K$9 -> #N/A | P25: =IF(P24="","",IF(P24+1>'Funnel setup'!$K$11,"",P24+1))
J26: =J25*K$14 -> 12.893288 | K26: =$K$9-(2*$K$8)/SQRT(J26) -> #N/A | L26: =$K$9+(2*$K$8)/SQRT(J26) -> #N/A | M26: =$K$9-(3*$K$8)/SQRT(J26) -> #N/A | N26: =$K$9+(3*$K$8)/SQRT(J26) -> #N/A | O26: =$K$9 -> #N/A | P26: =IF(P25="","",IF(P25+1>'Funnel setup'!$K$11,"",P25+1))
J27: =J26*K$14 -> 14.033034 | K27: =$K$9-(2*$K$8)/SQRT(J27) -> #N/A | L27: =$K$9+(2*$K$8)/SQRT(J27) -> #N/A | M27: =$K$9-(3*$K$8)/SQRT(J27) -> #N/A | N27: =$K$9+(3*$K$8)/SQRT(J27) -> #N/A | O27: =$K$9 -> #N/A | P27: =IF(P26="","",IF(P26+1>'Funnel setup'!$K$11,"",P26+1))
J28: =J27*K$14 -> 15.273532 | K28: =$K$9-(2*$K$8)/SQRT(J28) -> #N/A | L28: =$K$9+(2*$K$8)/SQRT(J28) -> #N/A | M28: =$K$9-(3*$K$8)/SQRT(J28) -> #N/A | N28: =$K$9+(3*$K$8)/SQRT(J28) -> #N/A | O28: =$K$9 -> #N/A | P28: =IF(P27="","",IF(P27+1>'Funnel setup'!$K$11,"",P27+1))
J29: =J28*K$14 -> 16.623688 | K29: =$K$9-(2*$K$8)/SQRT(J29) -> #N/A | L29: =$K$9+(2*$K$8)/SQRT(J29) -> #N/A | M29: =$K$9-(3*$K$8)/SQRT(J29) -> #N/A | N29: =$K$9+(3*$K$8)/SQRT(J29) -> #N/A | O29: =$K$9 -> #N/A | P29: =IF(P28="","",IF(P28+1>'Funnel setup'!$K$11,"",P28+1))
J30: =J29*K$14 -> 18.093195 | K30: =$K$9-(2*$K$8)/SQRT(J30) -> #N/A | L30: =$K$9+(2*$K$8)/SQRT(J30) -> #N/A | M30: =$K$9-(3*$K$8)/SQRT(J30) -> #N/A | N30: =$K$9+(3*$K$8)/SQRT(J30) -> #N/A | O30: =$K$9 -> #N/A | P30: =IF(P29="","",IF(P29+1>'Funnel setup'!$K$11,"",P29+1))
J31: =J30*K$14 -> 19.692605 | K31: =$K$9-(2*$K$8)/SQRT(J31) -> #N/A | L31: =$K$9+(2*$K$8)/SQRT(J31) -> #N/A | M31: =$K$9-(3*$K$8)/SQRT(J31) -> #N/A | N31: =$K$9+(3*$K$8)/SQRT(J31) -> #N/A | O31: =$K$9 -> #N/A | P31: =IF(P30="","",IF(P30+1>'Funnel setup'!$K$11,"",P30+1))
J32: =J31*K$14 -> 21.433399 | K32: =$K$9-(2*$K$8)/SQRT(J32) -> #N/A | L32: =$K$9+(2*$K$8)/SQRT(J32) -> #N/A | M32: =$K$9-(3*$K$8)/SQRT(J32) -> #N/A | N32: =$K$9+(3*$K$8)/SQRT(J32) -> #N/A | O32: =$K$9 -> #N/A | P32: =IF(P31="","",IF(P31+1>'Funnel setup'!$K$11,"",P31+1))
J33: =J32*K$14 -> 23.328078 | K33: =$K$9-(2*$K$8)/SQRT(J33) -> #N/A | L33: =$K$9+(2*$K$8)/SQRT(J33) -> #N/A | M33: =$K$9-(3*$K$8)/SQRT(J33) -> #N/A | N33: =$K$9+(3*$K$8)/SQRT(J33) -> #N/A | O33: =$K$9 -> #N/A | P33: =IF(P32="","",IF(P32+1>'Funnel setup'!$K$11,"",P32+1))
J34: =J33*K$14 -> 25.390242 | K34: =$K$9-(2*$K$8)/SQRT(J34) -> #N/A | L34: =$K$9+(2*$K$8)/SQRT(J34) -> #N/A | M34: =$K$9-(3*$K$8)/SQRT(J34) -> #N/A | N34: =$K$9+(3*$K$8)/SQRT(J34) -> #N/A | O34: =$K$9 -> #N/A | P34: =IF(P33="","",IF(P33+1>'Funnel setup'!$K$11,"",P33+1))
J35: =J34*K$14 -> 27.634699 | K35: =$K$9-(2*$K$8)/SQRT(J35) -> #N/A | L35: =$K$9+(2*$K$8)/SQRT(J35) -> #N/A | M35: =$K$9-(3*$K$8)/SQRT(J35) -> #N/A | N35: =$K$9+(3*$K$8)/SQRT(J35) -> #N/A | O35: =$K$9 -> #N/A | P35: =IF(P34="","",IF(P34+1>'Funnel setup'!$K$11,"",P34+1))
... J42: =J41*K$14 -> 50 | K42: =$K$9-(2*$K$8)/SQRT(J42) -> #N/A | L42: =$K$9+(2*$K$8)/SQRT(J42) -> #N/A | M42: =$K$9-(3*$K$8)/SQRT(J42) -> #N/A | N42: =$K$9+(3*$K$8)/SQRT(J42) -> #N/A | O42: =$K$9 -> #N/A | P42: =IF(P41="","",IF(P41+1>'Funnel setup'!$K$11,"",P41+1))
P43: =IF(P42="","",IF(P42+1>'Funnel setup'!$K$11,"",P42+1))
P44: =IF(P43="","",IF(P43+1>'Funnel setup'!$K$11,"",P43+1))
P45: =IF(P44="","",IF(P44+1>'Funnel setup'!$K$11,"",P44+1))
P46: =IF(P45="","",IF(P45+1>'Funnel setup'!$K$11,"",P45+1))
P47: =IF(P46="","",IF(P46+1>'Funnel setup'!$K$11,"",P46+1))
P48: =IF(P47="","",IF(P47+1>'Funnel setup'!$K$11,"",P47+1))
P49: =IF(P48="","",IF(P48+1>'Funnel setup'!$K$11,"",P48+1))
P50: =IF(P49="","",IF(P49+1>'Funnel setup'!$K$11,"",P49+1))
P51: =IF(P50="","",IF(P50+1>'Funnel setup'!$K$11,"",P50+1))
P52: =IF(P51="","",IF(P51+1>'Funnel setup'!$K$11,"",P51+1))
P53: =IF(P52="","",IF(P52+1>'Funnel setup'!$K$11,"",P52+1))
P54: =IF(P53="","",IF(P53+1>'Funnel setup'!$K$11,"",P53+1))
... P423: =IF(P422="","",IF(P422+1>'Funnel setup'!$K$11,"",P422+1))

Sheet Reference
A1: Update dates for each new publication | B1: Date ranges for Publication Title | E1: Provider | F1: Number of Providers | H1: CCG | I1: Number of CCGs | K1: PCT | L1: Number of PCTs | N1: SHA | O1: No of SHAs | Q1: National | R1: No of National | U1: HR measures | V1: No of Measures for Funnel_Score | W1: No of Measures for Select 10 Table | Y1: Unadjusted Procedures | AA1: Organisation Level This column feeds these definitions in formulas - amend here to amend formulas, inc named ranges | AC1: Organisation Level (dropdown) | AD1: Number of Org level | AF1: Organisation Type - Funnel Plot | AG1: No of Org Types
A2: Data range from (mmmm yyyy) | F2: =COUNTA(E:E)-1 -> 0 | I2: =COUNTA(H:H)-1 -> 0 | K2: England | L2: =COUNTA(K:K)-1 -> 1 | N2: England | O2: =COUNTA(N:N)-1 -> 1 | Q2: England | R2: 1 | U2: EQ-5D Index | V2: =IF('Funnel Plot'!B11="Groin Hernia",2,3) -> 3 | W2: =IF('Select 10 table'!B13="Groin Hernia",2,3) -> 3 | Y2: Total Hip Replacement | AA2: England | AC2: England | AD2: =COUNTA(AC:AC)-1 -> 3 | AF2: CCG of GP Practice | AG2: =COUNTA(AF:AF)-1 -> 2
A3: Data range to (mmmm yyyy) | U3: EQ VAS | Y3: Hip Replacement Primary | AA3: SHA of responsibility | AC3: CCG of GP Practice | AF3: Provider
A4: Published on (dd mmmm yyyy) | U4: Oxford Hip Score | Y4: Hip Replacement Revision | AA4: PCT of responsibility | AC4: Provider
A5: Provisional publication (TRUE/FALSE)? | C5: q | Y5: Total Knee Replacement | AA5: CCG of GP Practice
A6: When finalised publication expected? (dd mmmm yyyy) | U6: HR split measures | Y6: Knee Replacement Primary | AA6: Provider
U7: EQ-5D Index | Y7: Knee Replacement Revision
A8: Publication Link | U8: EQ VAS
U9: Oxford Hip Score
A10: Link for copyright statement
A11: ="Copyright © "&YEAR(NOW())&", Health and Social Care Information Centre. The Health and Social Care Information Centre is a non-departmental body created by statute, also known as NHS Digital." -> Copyright © 2023, Health and Social Care Information Centre. The Health and Social Care Information Centre is a non-departmental body created by statute, also known as NHS Digital. | U11: KR Measures
U12: EQ-5D Index | Y12: Case-Mix Adjusted Procedures
U13: EQ VAS | Y13: Total Hip Replacement
U14: Oxford Knee Score | Y14: Hip Replacement Primary
Y15: Hip Replacement Revision
U16: KR split measures | Y16: Total Knee Replacement
U17: EQ-5D Index | Y17: Knee Replacement Primary
U18: EQ VAS | Y18: Knee Replacement Revision
U19: Oxford Knee Score

Sheet Supplier_Note
A1: Provider | B1: Note
A2: AIREDALE NHS FOUNDATION TRUST (RCF)
A3: ALDER HEY CHILDREN'S NHS FOUNDATION TRUST (RBS)
A4: ASHFORD AND ST PETER'S HOSPITALS NHS FOUNDATION TRUST (RTK)
A5: ASHTEAD HOSPITAL (NVC01)
A6: ASPEN - CLAREMONT HOSPITAL (NYW04)
A7: ASPEN - HIGHGATE HOSPITAL (NYW03)
A8: ASPEN - PARKSIDE HOSPITAL (NYW02)
A9: ASPEN - THE HOLLY (NYW01)
A10: BARKING, HAVERING AND REDBRIDGE UNIVERSITY HOSPITALS NHS TRUST (RF4) | B10: 3. The participation rate for this supplier may be affected by a change in supplier, please see the "Accredited Supplier Switchover" note on the Title Sheet for more details.
A11: BARLBOROUGH NHS TREATMENT CENTRE (NTP13)
A12: BARNSLEY HOSPITAL NHS FOUNDATION TRUST (RFF)
A13: BARTS HEALTH NHS TRUST (R1H)
A14: BASILDON AND THURROCK UNIVERSITY HOSPITALS NHS FOUNDATION TRUST (RDD)
A15: BEDFORD HOSPITAL NHS TRUST (RC1)
A16: BENENDEN HOSPITAL (NWF01)
A17: BICS-COMMUNITY (NWX11)
A18: BIRMINGHAM WOMEN'S AND CHILDREN'S NHS FOUNDATION TRUST (RQ3)
A19: BLACKPOOL TEACHING HOSPITALS NHS FOUNDATION TRUST (RXL)
A20: BMI - BATH CLINIC (NT402)
A21: BMI - BISHOPS WOOD (NT405)
A22: BMI - CHELSFIELD PARK HOSPITAL (NT409)
... A89: EMERSONS GREEN NHS TREATMENT CENTRE (NTPH2)
A90: EPSOM AND ST HELIER UNIVERSITY HOSPITALS NHS TRUST (RVR) | B90: 3. The participation rate for this supplier may be affected by a change in supplier, please see the "Accredited Supplier Switchover" note on the Title Sheet for more details.
A91: EUXTON HALL HOSPITAL (NVC05)
A92: FAIRFIELD HOSPITAL (NVG01)
A93: FITZWILLIAM HOSPITAL (NVC06)
A94: FOSCOTE COURT (BANBURY) TRUST LTD (AHH)
A95: FRIMLEY HEALTH NHS FOUNDATION TRUST (RDU)
A96: FULWOOD HALL HOSPITAL (NVC07)
A97: GATESHEAD HEALTH NHS FOUNDATION TRUST (RR7)
A98: GEORGE ELIOT HOSPITAL NHS TRUST (RLT)
A99: GLOUCESTERSHIRE HOSPITALS NHS FOUNDATION TRUST (RTE)
A100: GREAT WESTERN HOSPITALS NHS FOUNDATION TRUST (RN3)
A101: GUY'S AND ST THOMAS' NHS FOUNDATION TRUST (RJ1) | B101: 3. The participation rate for this supplier may be affected by a change in supplier, please see the "Accredited Supplier Switchover" note on the Title Sheet for more details.
A102: HAMPSHIRE HOSPITALS NHS FOUNDATION TRUST (RN5)
A103: HARROGATE AND DISTRICT NHS FOUNDATION TRUST (RCD)
A104: HOMERTON UNIVERSITY HOSPITAL NHS FOUNDATION TRUST (RQX)
A105: HORTON NHS TREATMENT CENTRE (NVC25)
A106: HULL UNIVERSITY TEACHING HOSPITALS NHS TRUST (RWA)
A107: IMPERIAL COLLEGE HEALTHCARE NHS TRUST (RYJ)
A108: ISLE OF WIGHT NHS TRUST (R1F)
A109: JAMES PAGET UNIVERSITY HOSPITALS NHS FOUNDATION TRUST (RGP)
A110: KETTERING GENERAL HOSPITAL NHS FOUNDATION TRUST (RNQ)
A111: KIMS HOSPITAL (NEWNHAM COURT) (ADP02)
A112: KING'S COLLEGE HOSPITAL NHS FOUNDATION TRUST (RJZ) | B112: 3. The participation rate for this supplier may be affected by a change in supplier, please see the "Accredited Supplier Switchover" note on the Title Sheet for more details.
A113: KINGSTON HOSPITAL NHS FOUNDATION TRUST (RAX)
A114: LANCASHIRE TEACHING HOSPITALS NHS FOUNDATION TRUST (RXN)
A115: LEEDS TEACHING HOSPITALS NHS TRUST (RR8)
A116: LEWISHAM AND GREENWICH NHS TRUST (RJ2)
A117: LIVERPOOL UNIVERSITY HOSPITALS NHS FOUNDATION TRUST (REM)
A118: LONDON NORTH WEST UNIVERSITY HEALTHCARE NHS TRUST (R1K)
A119: LUTON AND DUNSTABLE UNIVERSITY HOSPITAL NHS FOUNDATION TRUST (RC9)
A120: MAIDSTONE AND TUNBRIDGE WELLS NHS TRUST (RWF) | B120: 3. The participation rate for this supplier may be affected by a change in supplier, please see the "Accredited Supplier Switchover" note on the Title Sheet for more details.
A121: MANCHESTER UNIVERSITY NHS FOUNDATION TRUST (R0A)
A122: MEDWAY NHS FOUNDATION TRUST (RPA)
A123: MID CHESHIRE HOSPITALS NHS FOUNDATION TRUST (RBT)
A124: MID ESSEX HOSPITAL SERVICES NHS TRUST (RQ8)
A125: MID YORKSHIRE HOSPITALS NHS TRUST (RXF)
A126: MILTON KEYNES UNIVERSITY HOSPITAL NHS FOUNDATION TRUST (RD8)
A127: MOUNT STUART HOSPITAL (NVC08)
A128: NEW HALL HOSPITAL (NVC09)
A129: NORFOLK AND NORWICH UNIVERSITY HOSPITALS NHS FOUNDATION TRUST (RM1)
A130: NORTH BRISTOL NHS TRUST (RVJ)
A131: NORTH CUMBRIA INTEGRATED CARE NHS FOUNDATION TRUST (RNN)
A132: NORTH CUMBRIA UNIVERSITY HOSPITALS NHS TRUST (RNL)
... A192: ROYAL LIVERPOOL AND BROADGREEN UNIVERSITY HOSPITALS NHS TRUST (RQ6)
A193: ROYAL NATIONAL ORTHOPAEDIC HOSPITAL NHS TRUST (RAN) | B193: 3. The participation rate for this supplier may be affected by a change in supplier, please see the "Accredited Supplier Switchover" note on the Title Sheet for more details.
A194: ROYAL SURREY COUNTY HOSPITAL NHS FOUNDATION TRUST (RA2)
A195: ROYAL UNITED HOSPITALS BATH NHS FOUNDATION TRUST (RD1)
A196: SALFORD ROYAL NHS FOUNDATION TRUST (RM3)
A197: SALISBURY NHS FOUNDATION TRUST (RNZ)
A198: SANDWELL AND WEST BIRMINGHAM HOSPITALS NHS TRUST (RXK)
A199: SHEFFIELD TEACHING HOSPITALS NHS FOUNDATION TRUST (RHQ)
A200: SHEPTON MALLET NHS TREATMENT CENTRE (NTPH1)
A201: SHERWOOD FOREST HOSPITALS NHS FOUNDATION TRUST (RK5)
A202: SHREWSBURY AND TELFORD HOSPITAL NHS TRUST (RXW)
A203: SOMERSET SURGICAL SERVICES (NFH01)
A204: SOUTH TEES HOSPITALS NHS FOUNDATION TRUST (RTR)
A205: SOUTH TYNESIDE AND SUNDERLAND NHS FOUNDATION TRUST (R0B)
... A276: UNITED LINCOLNSHIRE HOSPITALS NHS TRUST (RWD)
A277: UNIVERSITY COLLEGE LONDON HOSPITALS NHS FOUNDATION TRUST (RRV) | B277: 3. The participation rate for this supplier may be affected by a change in supplier, please see the "Accredited Supplier Switchover" note on the Title Sheet for more details.
A278: UNIVERSITY HOSPITAL SOUTHAMPTON NHS FOUNDATION TRUST (RHM)
A279: UNIVERSITY HOSPITALS BIRMINGHAM NHS FOUNDATION TRUST (RRK)
A280: UNIVERSITY HOSPITALS BRISTOL NHS FOUNDATION TRUST (RA7)
A281: UNIVERSITY HOSPITALS COVENTRY AND WARWICKSHIRE NHS TRUST (RKB)
A282: UNIVERSITY HOSPITALS DORSET NHS FOUNDATION TRUST (R0D)
A283: UNIVERSITY HOSPITALS OF DERBY AND BURTON NHS FOUNDATION TRUST (RTG)
A284: UNIVERSITY HOSPITALS OF LEICESTER NHS TRUST (RWE)
A285: UNIVERSITY HOSPITALS OF MORECAMBE BAY NHS FOUNDATION TRUST (RTX)
A286: UNIVERSITY HOSPITALS OF NORTH MIDLANDS NHS TRUST (RJE)
A287: UNIVERSITY HOSPITALS PLYMOUTH NHS TRUST (RK9)
A288: WALSALL HEALTHCARE NHS TRUST (RBK)
A289: WARRINGTON AND HALTON TEACHING HOSPITALS NHS FOUNDATION TRUST (RWW)
... A306: YORK TEACHING HOSPITAL NHS FOUNDATION TRUST (RCB)

Sheet ProvCommData
A1: Key Facts
A3: Organisation validation | B3: =IF('Adjusted Health Gain Chart'!D11=Reference!AA2,VLOOKUP('Adjusted Health Gain Chart'!$B$11,Reference!$Q$2,1,FALSE),IF('Adjusted Health Gain Chart'!B11=Reference!AA3,VLOOKUP('Adjusted Health Gain Chart'!D11,SHAs,1,FALSE),IF('Adjusted Health Gain Chart'!B11=Reference!AA4,VLOOKUP('Adjusted Health Gain Chart'!D11,PCTs,1,FALSE),IF('Adjusted Health Gain Chart'!B11=Reference!AA5,VLOOKUP('Adjusted Health Gain Chart'!D11,CCG,1,FALSE),VLOOKUP('Adjusted Health Gain Chart'!D11,Providers,1,FALSE))))) -> #N/A | F3: **If there is an #N/A here check the formulas for Named ranges 'SHAs', 'PCTs', 'CCGs','Providers' as the INDIRECT formula will not update automatically if there is movement in the columns on the 'Reference' sheet
A4: No of Organisations | B4: =IF('Adjusted Health Gain Chart'!B11=Reference!AA2,Reference!R2,IF('Adjusted Health Gain Chart'!B11=Reference!AA3,Reference!O2,IF('Adjusted Health Gain Chart'!B11=Reference!AA4,Reference!L2,IF('Adjusted Health Gain Chart'!B11=Reference!AA5,Reference!I2,IF('Adjusted Health Gain Chart'!B11=Reference!AA6,Reference!F2))))) -> 0
A6: Organisation level | B6: ='Adjusted Health Gain Chart'!B11 -> Provider
A7: Organisation name | B7: ='Adjusted Health Gain Chart'!D11 -> BARKING, HAVERING AND REDBRIDGE UNIVERSITY HOSPITALS NHS TRUST (RF4)
A8: Lookup | B8: =B6&B7 -> ProviderBARKING, HAVERING AND REDBRIDGE UNIVERSITY HOSPITALS NHS TRUST (RF4)
A11: Horizontal Axis | C11: Adjusted average health gain | D11: Adjusted average health gain (England) | E11: Y values | F11: Modelled records | G11: England modelled records | I11: y increments= no. categories +1 / no. categories | K11: Y series
B12: ="Knee - revision " &"("&F12 &")" -> Knee - revision (0) | C12: =IF(ISNA(VLOOKUP(Reference!$Y$18&$B$8&Reference!$U$14,ProviderCommissionerNewChart,15,FALSE)),"No data",IF(VLOOKUP(Reference!$Y$18&$B$8&Reference!$U$14,ProviderCommissionerNewChart,15,FALSE)="-","No data",VLOOKUP(Reference!$Y$18&$B$8&Reference!$U$14,ProviderCommissionerNewChart,15,FALSE))) -> No data | D12: =IF(G12>=200,(VLOOKUP(Reference!$Y$18&Reference!$AA$2&Reference!$AA$2&Reference!$U$14,ProviderCommissionerNewChart,15,FALSE)),"Insufficient data") -> #N/A | E12: 0.455 | F12: =IF(ISNA(VLOOKUP(Reference!$Y$18&$B$8&Reference!$U$14,ProviderCommissionerNewChart,7,FALSE)),0,(VLOOKUP(Reference!$Y$18&$B$8&Reference!$U$14,ProviderCommissionerNewChart,7,FALSE))) -> 0 | G12: =VLOOKUP(Reference!$Y$18&Reference!$AA$2&Reference!$AA$2&Reference!$U$14,ProviderCommissionerNewChart,7,FALSE) -> #N/A | H12: OHS / OKS | I12: =9/10 -> 0.9 | J12: =I12/2 -> 0.45 | K12: =J12 -> 0.45
B13: ="Knee - primary " &"("&F13 &")" -> Knee - primary (0) | C13: =IF(ISNA(VLOOKUP(Reference!$Y$17&$B$8&Reference!$U$14,ProviderCommissionerNewChart,15,FALSE)),"No data",IF(VLOOKUP(Reference!$Y$17&$B$8&Reference!$U$14,ProviderCommissionerNewChart,15,FALSE)="-","No data",VLOOKUP(Reference!$Y$17&$B$8&Reference!$U$14,ProviderCommissionerNewChart,15,FALSE))) -> No data | D13: =IF(G13>=200,(VLOOKUP(Reference!$Y$17&Reference!$AA$2&Reference!$AA$2&Reference!$U$14,ProviderCommissionerNewChart,15,FALSE)),"Insufficient data") -> #N/A | E13: 1.35 | F13: =IF(ISNA(VLOOKUP(Reference!$Y$17&$B$8&Reference!$U$14,ProviderCommissionerNewChart,7,FALSE)),0,(VLOOKUP(Reference!$Y$17&$B$8&Reference!$U$14,ProviderCommissionerNewChart,7,FALSE))) -> 0 | G13: =VLOOKUP(Reference!$Y$17&Reference!$AA$2&Reference!$AA$2&Reference!$U$14,ProviderCommissionerNewChart,7,FALSE) -> #N/A | K13: =K12+$I$12 -> 1.35
B14: ="Total Knee Replacment " &"("&F14 &")" -> Total Knee Replacment (0) | C14: =IF(ISNA(VLOOKUP(Reference!$Y$16&$B$8&Reference!$U$14,ProviderCommissionerNewChart,15,FALSE)),"No data",IF(VLOOKUP(Reference!$Y$16&$B$8&Reference!$U$14,ProviderCommissionerNewChart,15,FALSE)="-","No data",VLOOKUP(Reference!$Y$16&$B$8&Reference!$U$14,ProviderCommissionerNewChart,15,FALSE))) -> No data | D14: =IF(G14>=200,(VLOOKUP(Reference!$Y$16&Reference!$AA$2&Reference!$AA$2&Reference!$U$14,ProviderCommissionerNewChart,15,FALSE)),"Insufficient data") -> #N/A | E14: =E13+0.9 -> 2.25 | F14: =IF(ISNA(VLOOKUP(Reference!$Y$16&$B$8&Reference!$U$14,ProviderCommissionerNewChart,7,FALSE)),0,(VLOOKUP(Reference!$Y$16&$B$8&Reference!$U$14,ProviderCommissionerNewChart,7,FALSE))) -> 0 | G14: =VLOOKUP(Reference!$Y$16&Reference!$AA$2&Reference!$AA$2&Reference!$U$14,ProviderCommissionerNewChart,7,FALSE) -> #N/A | K14: =K13+$I$12 -> 2.25
B15: ="Oxford Knee Score " -> Oxford Knee Score | E15: 3.13 | H15: min EQ-5D | K15: =K14+$I$12 -> 3.15
E16: 4 | H16: max EQ-5D | K16: =K15+$I$12 -> 4.05
B17: ="Hip - revision " &"("&F17 &")" -> Hip - revision (0) | C17: =IF(ISNA(VLOOKUP(Reference!$Y$15&$B$8&Reference!$U$9,ProviderCommissionerNewChart,15,FALSE)),"No data",IF(VLOOKUP(Reference!$Y$15&$B$8&Reference!$U$9,ProviderCommissionerNewChart,15,FALSE)="-","No data",VLOOKUP(Reference!$Y$15&$B$8&Reference!$U$9,ProviderCommissionerNewChart,15,FALSE))) -> No data | D17: =IF(G17>=200,(VLOOKUP(Reference!$Y$15&Reference!$AA$2&Reference!$AA$2&Reference!$U$9,ProviderCommissionerNewChart,15,FALSE)),"Insufficient data") -> #N/A | E17: =E16+0.9 -> 4.9 | F17: =IF(ISNA(VLOOKUP(Reference!$Y$15&$B$8&Reference!$U$9,ProviderCommissionerNewChart,7,FALSE)),0,(VLOOKUP(Reference!$Y$15&$B$8&Reference!$U$9,ProviderCommissionerNewChart,7,FALSE))) -> 0 | G17: =VLOOKUP(Reference!$Y$15&Reference!$AA$2&Reference!$AA$2&Reference!$U$9,ProviderCommissionerNewChart,7,FALSE) -> #N/A | H17: min EQ Vas | K17: =K16+$I$12 -> 4.95
B18: ="Hip - primary " &"("&F18 &")" -> Hip - primary (0) | C18: =IF(ISNA(VLOOKUP(Reference!$Y$14&$B$8&Reference!$U$9,ProviderCommissionerNewChart,15,FALSE)),"No data",IF(VLOOKUP(Reference!$Y$14&$B$8&Reference!$U$9,ProviderCommissionerNewChart,15,FALSE)="-","No data",VLOOKUP(Reference!$Y$14&$B$8&Reference!$U$9,ProviderCommissionerNewChart,15,FALSE))) -> No data | D18: =IF(G18>=200,(VLOOKUP(Reference!$Y$14&Reference!$AA$2&Reference!$AA$2&Reference!$U$9,ProviderCommissionerNewChart,15,FALSE)),"Insufficient data") -> #N/A | E18: =E17+0.9 -> 5.8 | F18: =IF(ISNA(VLOOKUP(Reference!$Y$14&$B$8&Reference!$U$9,ProviderCommissionerNewChart,7,FALSE)),0,(VLOOKUP(Reference!$Y$14&$B$8&Reference!$U$9,ProviderCommissionerNewChart,7,FALSE))) -> 0 | G18: =VLOOKUP(Reference!$Y$14&Reference!$AA$2&Reference!$AA$2&Reference!$U$9,ProviderCommissionerNewChart,7,FALSE) -> #N/A | H18: max EQ Vas | K18: =K17+$I$12 -> 5.85
B19: ="Total Hip Replacment " &"("&F19 &")" -> Total Hip Replacment (0) | C19: =IF(ISNA(VLOOKUP(Reference!$Y$13&$B$8&Reference!$U$9,ProviderCommissionerNewChart,15,FALSE)),"No data",IF(VLOOKUP(Reference!$Y$13&$B$8&Reference!$U$9,ProviderCommissionerNewChart,15,FALSE)="-","No data",VLOOKUP(Reference!$Y$13&$B$8&Reference!$U$9,ProviderCommissionerNewChart,15,FALSE))) -> No data | D19: =IF(G19>=200,(VLOOKUP(Reference!$Y$13&Reference!$AA$2&Reference!$AA$2&Reference!$U$9,ProviderCommissionerNewChart,15,FALSE)),"Insufficient data") -> #N/A | E19: =E18+0.9 -> 6.7 | F19: =IF(ISNA(VLOOKUP(Reference!$Y$13&$B$8&Reference!$U$9,ProviderCommissionerNewChart,7,FALSE)),0,(VLOOKUP(Reference!$Y$13&$B$8&Reference!$U$9,ProviderCommissionerNewChart,7,FALSE))) -> 0 | G19: =VLOOKUP(Reference!$Y$13&Reference!$AA$2&Reference!$AA$2&Reference!$U$9,ProviderCommissionerNewChart,7,FALSE) -> #N/A | K19: =K18+$I$12 -> 6.75
B20: Oxford Hip Score | H20: Min OKS/OHS | K20: =K19+$I$12 -> 7.65
H21: Max OKS/OHS | K21: =K20+$I$12 -> 8.55
B22: ="Knee revision " &"("&F22 &")" -> Knee revision (0) | C22: =IF(ISNA(VLOOKUP(Reference!$Y$18&$B$8&Reference!$U$13,ProviderCommissionerNewChart,15,FALSE)),"No data",IF(VLOOKUP(Reference!$Y$18&$B$8&Reference!$U$13,ProviderCommissionerNewChart,15,FALSE)="-","No data",VLOOKUP(Reference!$Y$18&$B$8&Reference!$U$13,ProviderCommissionerNewChart,15,FALSE))) -> No data | D22: =IF(G22>=200,(VLOOKUP(Reference!$Y$18&Reference!$AA$2&Reference!$AA$2&Reference!$U$13,ProviderCommissionerNewChart,15,FALSE)),"Insufficient data") -> #N/A | E22: 0.6 | F22: =IF(ISNA(VLOOKUP(Reference!$Y$18&$B$8&Reference!$U$13,ProviderCommissionerNewChart,7,FALSE)),0,(VLOOKUP(Reference!$Y$18&$B$8&Reference!$U$13,ProviderCommissionerNewChart,7,FALSE))) -> 0 | G22: =VLOOKUP(Reference!$Y$18&Reference!$AA$2&Reference!$AA$2&Reference!$U$13,ProviderCommissionerNewChart,7,FALSE) -> #N/A | H22: Min AVVQ | K22: =K21+$I$12 -> 9.45 | M22: =(Reference!$Y$18&Reference!$AA$2&Reference!$AA$2&Reference!$U$13) -> Knee Replacement RevisionEnglandEnglandEQ VAS
B23: ="Knee - primary " &"("&F23 &")" -> Knee - primary (0) | C23: =IF(ISNA(VLOOKUP(Reference!$Y$17&$B$8&Reference!$U$13,ProviderCommissionerNewChart,15,FALSE)),"No data",IF(VLOOKUP(Reference!$Y$17&$B$8&Reference!$U$13,ProviderCommissionerNewChart,15,FALSE)="-","No data",VLOOKUP(Reference!$Y$17&$B$8&Reference!$U$13,ProviderCommissionerNewChart,15,FALSE))) -> No data | D23: =IF(G24>=200,(VLOOKUP(Reference!$Y$17&Reference!$AA$2&Reference!$AA$2&Reference!$U$13,ProviderCommissionerNewChart,15,FALSE)),"Insufficient data") -> #N/A | E23: =E22+1.15 -> 1.75 | F23: =IF(ISNA(VLOOKUP(Reference!$Y$17&$B$8&Reference!$U$13,ProviderCommissionerNewChart,7,FALSE)),0,(VLOOKUP(Reference!$Y$17&$B$8&Reference!$U$13,ProviderCommissionerNewChart,7,FALSE))) -> 0 | G23: =VLOOKUP(Reference!$Y$17&Reference!$AA$2&Reference!$AA$2&Reference!$U$13,ProviderCommissionerNewChart,7,FALSE) -> #N/A | H23: Max AVVQ | K23: =K22+$I$12 -> 10.35
B24: ="Total Knee Replacement " &"("&F24 &")" -> Total Knee Replacement (0) | C24: =IF(ISNA(VLOOKUP(Reference!$Y$16&$B$8&Reference!$U$13,ProviderCommissionerNewChart,15,FALSE)),"No data",IF(VLOOKUP(Reference!$Y$16&$B$8&Reference!$U$13,ProviderCommissionerNewChart,15,FALSE)="-","No data",VLOOKUP(Reference!$Y$16&$B$8&Reference!$U$13,ProviderCommissionerNewChart,15,FALSE))) -> No data | D24: =IF(G24>=200,(VLOOKUP(Reference!$Y$16&Reference!$AA$2&Reference!$AA$2&Reference!$U$13,ProviderCommissionerNewChart,15,FALSE)),"Insufficient data") -> #N/A | E24: =E23+1.15 -> 2.9 | F24: =IF(ISNA(VLOOKUP(Reference!$Y$16&$B$8&Reference!$U$13,ProviderCommissionerNewChart,7,FALSE)),0,(VLOOKUP(Reference!$Y$16&$B$8&Reference!$U$13,ProviderCommissionerNewChart,7,FALSE))) -> 0 | G24: =VLOOKUP(Reference!$Y$16&Reference!$AA$2&Reference!$AA$2&Reference!$U$13,ProviderCommissionerNewChart,7,FALSE) -> #N/A | K24: =K23+$I$12 -> 11.25
B25: ="Hip - revision " &"("&F25 &")" -> Hip - revision (0) | C25: =IF(ISNA(VLOOKUP(Reference!$Y$15&$B$8&Reference!$U$3,ProviderCommissionerNewChart,15,FALSE)),"No data",IF(VLOOKUP(Reference!$Y$15&$B$8&Reference!$U$3,ProviderCommissionerNewChart,15,FALSE)="-","No data",VLOOKUP(Reference!$Y$15&$B$8&Reference!$U$3,ProviderCommissionerNewChart,15,FALSE))) -> No data | D25: =IF(G25>=200,(VLOOKUP(Reference!$Y$15&Reference!$AA$2&Reference!$AA$2&Reference!$U$3,ProviderCommissionerNewChart,15,FALSE)),"Insufficient data") -> #N/A | E25: =E24+1.2 -> 4.1 | F25: =IF(ISNA(VLOOKUP(Reference!$Y$15&$B$8&Reference!$U$3,ProviderCommissionerNewChart,7,FALSE)),0,(VLOOKUP(Reference!$Y$15&$B$8&Reference!$U$3,ProviderCommissionerNewChart,7,FALSE))) -> 0 | G25: =VLOOKUP(Reference!$Y$15&Reference!$AA$2&Reference!$AA$2&Reference!$U$3,ProviderCommissionerNewChart,7,FALSE) -> #N/A | K25: =K24+$I$12 -> 12.15
B26: ="Hip - primary " &"("&F26 &")" -> Hip - primary (0) | C26: =IF(ISNA(VLOOKUP(Reference!$Y$14&$B$8&Reference!$U$3,ProviderCommissionerNewChart,15,FALSE)),"No data",IF(VLOOKUP(Reference!$Y$14&$B$8&Reference!$U$3,ProviderCommissionerNewChart,15,FALSE)="-","No data",VLOOKUP(Reference!$Y$14&$B$8&Reference!$U$3,ProviderCommissionerNewChart,15,FALSE))) -> No data | D26: =IF(G26>=200,(VLOOKUP(Reference!$Y$14&Reference!$AA$2&Reference!$AA$2&Reference!$U$3,ProviderCommissionerNewChart,15,FALSE)),"Insufficient data") -> #N/A | E26: =E25+1.15 -> 5.25 | F26: =IF(ISNA(VLOOKUP(Reference!$Y$14&$B$8&Reference!$U$3,ProviderCommissionerNewChart,7,FALSE)),0,(VLOOKUP(Reference!$Y$14&$B$8&Reference!$U$3,ProviderCommissionerNewChart,7,FALSE))) -> 0 | G26: =VLOOKUP(Reference!$Y$14&Reference!$AA$2&Reference!$AA$2&Reference!$U$3,ProviderCommissionerNewChart,7,FALSE) -> #N/A | K26: =K25+$I$12 -> 13.05
B27: ="Total Hip Replacement " &"("&F27 &")" -> Total Hip Replacement (0) | C27: =IF(ISNA(VLOOKUP(Reference!$Y$13&$B$8&Reference!$U$3,ProviderCommissionerNewChart,15,FALSE)),"No data",IF(VLOOKUP(Reference!$Y$13&$B$8&Reference!$U$3,ProviderCommissionerNewChart,15,FALSE)="-","No data",VLOOKUP(Reference!$Y$13&$B$8&Reference!$U$3,ProviderCommissionerNewChart,15,FALSE))) -> No data | D27: =IF(G27>=200,(VLOOKUP(Reference!$Y$13&Reference!$AA$2&Reference!$AA$2&Reference!$U$3,ProviderCommissionerNewChart,15,FALSE)),"Insufficient data") -> #N/A | E27: =E26+1.2 -> 6.45 | F27: =IF(ISNA(VLOOKUP(Reference!$Y$13&$B$8&Reference!$U$3,ProviderCommissionerNewChart,7,FALSE)),0,(VLOOKUP(Reference!$Y$13&$B$8&Reference!$U$3,ProviderCommissionerNewChart,7,FALSE))) -> 0 | G27: =VLOOKUP(Reference!$Y$13&Reference!$AA$2&Reference!$AA$2&Reference!$U$3,ProviderCommissionerNewChart,7,FALSE) -> #N/A | J27: useful formula | K27: =K26+$I$12 -> 13.95
B28: EQ VAS | J28: =IF($G$31>=200,(VLOOKUP(Reference!$Y$18&Reference!$AA$2&Reference!$AA$2&Reference!$U$2,ProviderCommissionerNewChart,15,FALSE)),0) -> #N/A | K28: =K27+$I$12 -> 14.85
K29: =K28+$I$12 -> 15.75
A30: ="Figure 1: Average adjusted health gain on the EQ-5D A17 Index by procedure, "&'Adjusted Health Gain Chart'!D11& " compared with England" -> Figure 1: Average adjusted health gain on the EQ-5D A17 Index by procedure, BARKING, HAVERING AND REDBRIDGE UNIVERSITY HOSPITALS NHS TRUST (RF4) compared with England | B30: ="Knee - revision " &"("&F30 &")" -> Knee - revision (0) | C30: =IF(ISNA(VLOOKUP(Reference!$Y$18&$B$8&Reference!$U$2,ProviderCommissionerNewChart,15,FALSE)),"No data",IF(VLOOKUP(Reference!$Y$18&$B$8&Reference!$U$2,ProviderCommissionerNewChart,15,FALSE)="-","No data",VLOOKUP(Reference!$Y$18&$B$8&Reference!$U$2,ProviderCommissionerNewChart,15,FALSE))) -> No data | D30: =IF(G30>=200,(VLOOKUP(Reference!$Y$18&Reference!$AA$2&Reference!$AA$2&Reference!$U$2,ProviderCommissionerNewChart,15,FALSE)),"Insufficient data") -> #N/A | E30: 0.6 | F30: =IF(ISNA(VLOOKUP(Reference!$Y$18&$B$8&Reference!$U$2,ProviderCommissionerNewChart,7,FALSE)),0,(VLOOKUP(Reference!$Y$18&$B$8&Reference!$U$2,ProviderCommissionerNewChart,7,FALSE))) -> 0 | G30: =VLOOKUP(Reference!$Y$18&Reference!$AA$2&Reference!$AA$2&Reference!$U$2,ProviderCommissionerNewChart,7,FALSE) -> #N/A | K30: =K29+$I$12 -> 16.65
B31: ="Knee - primary " &"("&F31 &")" -> Knee - primary (0) | C31: =IF(ISNA(VLOOKUP(Reference!$Y$17&$B$8&Reference!$U$2,ProviderCommissionerNewChart,15,FALSE)),"No data",IF(VLOOKUP(Reference!$Y$17&$B$8&Reference!$U$2,ProviderCommissionerNewChart,15,FALSE)="-","No data",VLOOKUP(Reference!$Y$17&$B$8&Reference!$U$2,ProviderCommissionerNewChart,15,FALSE))) -> No data | D31: =IF(G32>=200,(VLOOKUP(Reference!$Y$17&Reference!$AA$2&Reference!$AA$2&Reference!$U$2,ProviderCommissionerNewChart,15,FALSE)),"Insufficient data") -> #N/A | E31: =E30+1.15 -> 1.75 | F31: =IF(ISNA(VLOOKUP(Reference!$Y$17&$B$8&Reference!$U$2,ProviderCommissionerNewChart,7,FALSE)),0,(VLOOKUP(Reference!$Y$17&$B$8&Reference!$U$2,ProviderCommissionerNewChart,7,FALSE))) -> 0 | G31: =VLOOKUP(Reference!$Y$17&Reference!$AA$2&Reference!$AA$2&Reference!$U$2,ProviderCommissionerNewChart,7,FALSE) -> #N/A | K31: =K30+$I$12 -> 17.55
B32: ="Total Knee Replacment " &"("&F32 &")" -> Total Knee Replacment (0) | C32: =IF(ISNA(VLOOKUP(Reference!$Y$16&$B$8&Reference!$U$2,ProviderCommissionerNewChart,15,FALSE)), "No data",IF(VLOOKUP(Reference!$Y$16&$B$8&Reference!$U$2,ProviderCommissionerNewChart,15,FALSE)="-","No data",VLOOKUP(Reference!$Y$16&$B$8&Reference!$U$2,ProviderCommissionerNewChart,15,FALSE))) -> No data | D32: =IF(G32>=200,(VLOOKUP(Reference!$Y$16&Reference!$AA$2&Reference!$AA$2&Reference!$U$2,ProviderCommissionerNewChart,15,FALSE)),"Insufficient data") -> #N/A | E32: =E31+1.15 -> 2.9 | F32: =IF(ISNA(VLOOKUP(Reference!$Y$16&$B$8&Reference!$U$2,ProviderCommissionerNewChart,7,FALSE)),0,(VLOOKUP(Reference!$Y$16&$B$8&Reference!$U$2,ProviderCommissionerNewChart,7,FALSE))) -> 0 | G32: =VLOOKUP(Reference!$Y$16&Reference!$AA$2&Reference!$AA$2&Reference!$U$2,ProviderCommissionerNewChart,7,FALSE) -> #N/A | K32: =K31+$I$12 -> 18.45
B33: ="Hip - revision " &"("&F33 &")" -> Hip - revision (0) | C33: =IF(ISNA(VLOOKUP(Reference!$Y$15&$B$8&Reference!$U$2,ProviderCommissionerNewChart,15,FALSE)),"No data",IF(VLOOKUP(Reference!$Y$15&$B$8&Reference!$U$2,ProviderCommissionerNewChart,15,FALSE)="-","No data",VLOOKUP(Reference!$Y$15&$B$8&Reference!$U$2,ProviderCommissionerNewChart,15,FALSE))) -> No data | D33: =IF(G33>=200,(VLOOKUP(Reference!$Y$15&Reference!$AA$2&Reference!$AA$2&Reference!$U$2,ProviderCommissionerNewChart,15,FALSE)),"Insufficient data") -> #N/A | E33: =E32+1.2 -> 4.1 | F33: =IF(ISNA(VLOOKUP(Reference!$Y$15&$B$8&Reference!$U$2,ProviderCommissionerNewChart,7,FALSE)),0,(VLOOKUP(Reference!$Y$15&$B$8&Reference!$U$2,ProviderCommissionerNewChart,7,FALSE))) -> 0 | G33: =VLOOKUP(Reference!$Y$15&Reference!$AA$2&Reference!$AA$2&Reference!$U$2,ProviderCommissionerNewChart,7,FALSE) -> #N/A | K33: =K32+$I$12 -> 19.35
B34: ="Hip - primary " &"("&F34 &")" -> Hip - primary (0) | C34: =IF(ISNA(VLOOKUP(Reference!$Y$14&$B$8&Reference!$U$2,ProviderCommissionerNewChart,15,FALSE)),"No data",IF(VLOOKUP(Reference!$Y$14&$B$8&Reference!$U$2,ProviderCommissionerNewChart,15,FALSE)="-","No data",VLOOKUP(Reference!$Y$14&$B$8&Reference!$U$2,ProviderCommissionerNewChart,15,FALSE))) -> No data | D34: =IF(G34>=200,(VLOOKUP(Reference!$Y$14&Reference!$AA$2&Reference!$AA$2&Reference!$U$2,ProviderCommissionerNewChart,15,FALSE)),"Insufficient data") -> #N/A | E34: =E33+1.15 -> 5.25 | F34: =IF(ISNA(VLOOKUP(Reference!$Y$14&$B$8&Reference!$U$2,ProviderCommissionerNewChart,7,FALSE)),0,(VLOOKUP(Reference!$Y$14&$B$8&Reference!$U$2,ProviderCommissionerNewChart,7,FALSE))) -> 0 | G34: =VLOOKUP(Reference!$Y$14&Reference!$AA$2&Reference!$AA$2&Reference!$U$2,ProviderCommissionerNewChart,7,FALSE) -> #N/A | K34: =K33+$I$12 -> 20.25
B35: ="Total Hip Replacement " &"("&F35 &")" -> Total Hip Replacement (0) | C35: =IF(ISNA(VLOOKUP(Reference!$Y$13&$B$8&Reference!$U$2,ProviderCommissionerNewChart,15,FALSE)),"No data",IF(VLOOKUP(Reference!$Y$13&$B$8&Reference!$U$2,ProviderCommissionerNewChart,15,FALSE)="-","No data",VLOOKUP(Reference!$Y$13&$B$8&Reference!$U$2,ProviderCommissionerNewChart,15,FALSE))) -> No data | D35: =IF(G35>=200,(VLOOKUP(Reference!$Y$13&Reference!$AA$2&Reference!$AA$2&Reference!$U$2,ProviderCommissionerNewChart,15,FALSE)),"Insufficient data") -> #N/A | E35: =E34+1.2 -> 6.45 | F35: =IF(ISNA(VLOOKUP(Reference!$Y$13&$B$8&Reference!$U$2,ProviderCommissionerNewChart,7,FALSE)),0,(VLOOKUP(Reference!$Y$13&$B$8&Reference!$U$2,ProviderCommissionerNewChart,7,FALSE))) -> 0 | G35: =VLOOKUP(Reference!$Y$13&Reference!$AA$2&Reference!$AA$2&Reference!$U$2,ProviderCommissionerNewChart,7,FALSE) -> #N/A | K35: =K34+$I$12 -> 21.15
B36: EQ-5D Index
A39: Pre-operative participation and linkage | C39: Eligible Procedures | D39: Pre-operative questionnaires completed | E39: Participation Rate | F39: Pre-operative questionnaires linked | G39: Linkage Rate
A40: Procedure | B40: All Procedures | C40: =VLOOKUP("England",Participation_Data,2,FALSE) -> #N/A | D40: =VLOOKUP("England",Participation_Data,3,FALSE) -> #N/A | E40: =VLOOKUP("England",Participation_Data,4,FALSE) -> #N/A | F40: =VLOOKUP("England",Participation_Data,5,FALSE) -> #N/A | G40: =VLOOKUP("England",Participation_Data,6,FALSE) -> #N/A
B41: Groin Hernia | C41: =VLOOKUP("England",Participation_Data,11,FALSE) -> #N/A | D41: =VLOOKUP("England",Participation_Data,12,FALSE) -> #N/A | E41: =VLOOKUP("England",Participation_Data,13,FALSE) -> #N/A | F41: =VLOOKUP("England",Participation_Data,14,FALSE) -> #N/A | G41: =VLOOKUP("England",Participation_Data,15,FALSE) -> #N/A
B42: Hip Replacement | C42: =VLOOKUP("England",Participation_Data,20,FALSE) -> #N/A | D42: =VLOOKUP("England",Participation_Data,21,FALSE) -> #N/A | E42: =VLOOKUP("England",Participation_Data,22,FALSE) -> #N/A | F42: =VLOOKUP("England",Participation_Data,23,FALSE) -> #N/A | G42: =VLOOKUP("England",Participation_Data,24,FALSE) -> #N/A
B43: Knee Replacement | C43: =VLOOKUP("England",Participation_Data,29,FALSE) -> #N/A | D43: =VLOOKUP("England",Participation_Data,30,FALSE) -> #N/A | E43: =VLOOKUP("England",Participation_Data,31,FALSE) -> #N/A | F43: =VLOOKUP("England",Participation_Data,32,FALSE) -> #N/A | G43: =VLOOKUP("England",Participation_Data,33,FALSE) -> #N/A
B44: Varicose Vein | C44: =VLOOKUP("England",Participation_Data,38,FALSE) -> #N/A | D44: =VLOOKUP("England",Participation_Data,39,FALSE) -> #N/A | E44: =VLOOKUP("England",Participation_Data,40,FALSE) -> #N/A | F44: =VLOOKUP("England",Participation_Data,41,FALSE) -> #N/A | G44: =VLOOKUP("England",Participation_Data,42,FALSE) -> #N/A
A46: Post-operative issue and return | C46: Pre-operative questionnaires completed | D46: Post-operative questionnaires sent out | E46: Issue Rate | F46: Post-operative questionnaires returned | G46: Response Rate
A47: Procedure | B47: All Procedures | C47: =VLOOKUP("England",Participation_Data,3,FALSE) -> #N/A | D47: =VLOOKUP("England",Participation_Data,7,FALSE) -> #N/A | E47: =VLOOKUP("England",Participation_Data,8,FALSE) -> #N/A | F47: =VLOOKUP("England",Participation_Data,9,FALSE) -> #N/A | G47: =VLOOKUP("England",Participation_Data,10,FALSE) -> #N/A
B48: Groin Hernia | C48: =VLOOKUP("England",Participation_Data,12,FALSE) -> #N/A | D48: =VLOOKUP("England",Participation_Data,16,FALSE) -> #N/A | E48: =VLOOKUP("England",Participation_Data,17,FALSE) -> #N/A | F48: =VLOOKUP("England",Participation_Data,18,FALSE) -> #N/A | G48: =VLOOKUP("England",Participation_Data,19,FALSE) -> #N/A
B49: Hip Replacement | C49: =VLOOKUP("England",Participation_Data,21,FALSE) -> #N/A | D49: =VLOOKUP("England",Participation_Data,25,FALSE) -> #N/A | E49: =VLOOKUP("England",Participation_Data,26,FALSE) -> #N/A | F49: =VLOOKUP("England",Participation_Data,27,FALSE) -> #N/A | G49: =VLOOKUP("England",Participation_Data,28,FALSE) -> #N/A
B50: Knee Replacement | C50: =VLOOKUP("England",Participation_Data,30,FALSE) -> #N/A | D50: =VLOOKUP("England",Participation_Data,34,FALSE) -> #N/A | E50: =VLOOKUP("England",Participation_Data,35,FALSE) -> #N/A | F50: =VLOOKUP("England",Participation_Data,36,FALSE) -> #N/A | G50: =VLOOKUP("England",Participation_Data,37,FALSE) -> #N/A
B51: Varicose Vein | C51: =VLOOKUP("England",Participation_Data,39,FALSE) -> #N/A | D51: =VLOOKUP("England",Participation_Data,43,FALSE) -> #N/A | E51: =VLOOKUP("England",Participation_Data,44,FALSE) -> #N/A | F51: =VLOOKUP("England",Participation_Data,45,FALSE) -> #N/A | G51: =VLOOKUP("England",Participation_Data,46,FALSE) -> #N/A
A54: Key Facts - Raw Data
A55: Number of rows | B55: =ROWS(#REF!)-COUNTBLANK(#REF!) -> #REF!
A57: Participation - Raw Data
A58: Number of rows | B58: =ROWS('Participation - Raw Data'!A:A)-COUNTBLANK('Participation - Raw Data'!A:A) -> 1
A60: Tables and Charts - Raw Data
A61: Number of rows | B61: =COUNTA('Provider Commission - Raw Data'!C:C) -> 1
A63: Select 10 - Table
A64: Number of rows - Org level 1 | B64: =IF('Select 10 table'!B17=Reference!$AA$3,Reference!$O$2,IF('Select 10 table'!B17=Reference!$AA$4,Reference!$L$2,IF('Select 10 table'!B17=Reference!$AA$5,Reference!$I$2,Reference!$F$2))) -> 0
A65: Number of rows - Org level 2 | B65: =IF('Select 10 table'!B18=Reference!$AA$3,Reference!$O$2,IF('Select 10 table'!B18=Reference!$AA$4,Reference!$L$2,IF('Select 10 table'!B18=Reference!$AA$5,Reference!$I$2,Reference!$F$2))) -> 0
A66: Number of rows - Org level 3 | B66: =IF('Select 10 table'!B19=Reference!$AA$3,Reference!$O$2,IF('Select 10 table'!B19=Reference!$AA$4,Reference!$L$2,IF('Select 10 table'!B19=Reference!$AA$5,Reference!$I$2,Reference!$F$2))) -> 0
A67: Number of rows - Org level 4 | B67: =IF('Select 10 table'!B20=Reference!$AA$3,Reference!$O$2,IF('Select 10 table'!B20=Reference!$AA$4,Reference!$L$2,IF('Select 10 table'!B20=Reference!$AA$5,Reference!$I$2,Reference!$F$2))) -> 0
A68: Number of rows - Org level 5 | B68: =IF('Select 10 table'!B21=Reference!$AA$3,Reference!$O$2,IF('Select 10 table'!B21=Reference!$AA$4,Reference!$L$2,IF('Select 10 table'!B21=Reference!$AA$5,Reference!$I$2,Reference!$F$2))) -> 0
A69: Number of rows - Org level 6 | B69: =IF('Select 10 table'!B22=Reference!$AA$3,Reference!$O$2,IF('Select 10 table'!B22=Reference!$AA$4,Reference!$L$2,IF('Select 10 table'!B22=Reference!$AA$5,Reference!$I$2,Reference!$F$2))) -> 0
A70: Number of rows - Org level 7 | B70: =IF('Select 10 table'!B23=Reference!$AA$3,Reference!$O$2,IF('Select 10 table'!B23=Reference!$AA$4,Reference!$L$2,IF('Select 10 table'!B23=Reference!$AA$5,Reference!$I$2,Reference!$F$2))) -> 0
A71: Number of rows - Org level 8 | B71: =IF('Select 10 table'!B24=Reference!$AA$3,Reference!$O$2,IF('Select 10 table'!B24=Reference!$AA$4,Reference!$L$2,IF('Select 10 table'!B24=Reference!$AA$5,Reference!$I$2,Reference!$F$2))) -> 0
A72: Number of rows - Org level 9 | B72: =IF('Select 10 table'!B25=Reference!$AA$3,Reference!$O$2,IF('Select 10 table'!B25=Reference!$AA$4,Reference!$L$2,IF('Select 10 table'!B25=Reference!$AA$5,Reference!$I$2,Reference!$F$2))) -> 0
A73: Number of rows - Org level 10 | B73: =IF('Select 10 table'!B26=Reference!$AA$3,Reference!$O$2,IF('Select 10 table'!B26=Reference!$AA$4,Reference!$L$2,IF('Select 10 table'!B26=Reference!$AA$5,Reference!$I$2,Reference!$F$2))) -> 0
A75: Funnel_Plot
A76: Number of Organisations | B76: =IF('Funnel Plot'!F11=Reference!AA3,Reference!$O$2,IF('Funnel Plot'!F11=Reference!AA4,Reference!$L$2,IF('Funnel Plot'!F11=Reference!AA5,Reference!$I$2,Reference!$F$2))) -> 0

Sheet Chart data
A1: Key Facts
A3: Organisation validation | B3: =IF(#REF!=Reference!AA2,VLOOKUP(#REF!,Reference!$Q$2,1,FALSE),IF(#REF!=Reference!AA3,VLOOKUP(#REF!,SHAs,1,FALSE),IF(#REF!=Reference!AA4,VLOOKUP(#REF!,PCTs,1,FALSE),IF(#REF!=Reference!AA5,VLOOKUP(#REF!,CCG,1,FALSE),VLOOKUP(#REF!,Providers,1,FALSE))))) -> #REF! | F3: **If there is an #N/A here check the formulas for Named ranges 'SHAs', 'PCTs', 'CCGs','Providers' as the INDIRECT formula will not update automatically if there is movement in the columns on the 'Reference' sheet
A4: No of Organisations | B4: =IF(#REF!=Reference!AA2,Reference!R2,IF(#REF!=Reference!AA3,Reference!O2,IF(#REF!=Reference!AA4,Reference!L2,IF(#REF!=Reference!AA5,Reference!I2,IF(#REF!=Reference!AA6,Reference!F2))))) -> #REF!
A6: Organisation level | B6: =#REF! -> #REF!
A7: Organisation name | B7: =#REF! -> #REF!
A8: Lookup | B8: =B6&B7 -> #REF!
A11: Horizontal Axis | C11: % Improved | D11: % Worse | E11: % England Improved | F11: % England Worse | G11: Y values | H11: Number Improved | I11: Number Worse
A12: Varicose Vein | B12: Aberdeen Varicose Vein Questionnaire | C12: =IF(ISNA(VLOOKUP($B$8&$A12&$B12,KeyFacts_RawData,11,FALSE)),"No data",VLOOKUP($B$8&$A12&$B12,KeyFacts_RawData,11,FALSE)) -> #REF! | D12: =IF(ISNA(VLOOKUP($B$8&$A12&$B12,KeyFacts_RawData,13,FALSE)),"No data",IF(ISNUMBER(VLOOKUP($B$8&$A12&$B12,KeyFacts_RawData,13,FALSE)),-VLOOKUP($B$8&$A12&$B12,KeyFacts_RawData,13,FALSE),VLOOKUP($B$8&$A12&$B12,KeyFacts_RawData,13,FALSE))) -> #REF! | E12: =IF(ISNA(VLOOKUP(Reference!$AA$2&Reference!$AA$2&$A$12&B12,KeyFacts_RawData,11,FALSE)),"No data",IF(VLOOKUP(Reference!$AA$2&Reference!$AA$2&$A$12&B12,KeyFacts_RawData,11,FALSE)="*",NA(),VLOOKUP(Reference!$AA$2&Reference!$AA$2&$A$12&B12,KeyFacts_RawData,11,FALSE))) -> #REF! | F12: =IF(ISNA(VLOOKUP(Reference!$AA$2&Reference!$AA$2&$A$12&$B12,KeyFacts_RawData,13,FALSE)),"No data",IF(VLOOKUP(Reference!$AA$2&Reference!$AA$2&$A$12&$B12,KeyFacts_RawData,13,FALSE) = "*",NA(),IF(ISNUMBER(VLOOKUP(Reference!$AA$2&Reference!$AA$2&$A$12&$B12,KeyFacts_RawData,13,FALSE)),-VLOOKUP(Reference!$AA$2&Reference!$AA$2&$A$12&$B12,KeyFacts_RawData,13,FALSE),VLOOKUP(Reference!$AA$2&Reference!$AA$2&$A$12&$B12,KeyFacts_RawData,13,FALSE)))) -> #REF! | G12: 0.5 | H12: =IF(ISNA(VLOOKUP($B$8&$A12&$B12,KeyFacts_RawData,7,FALSE)),"No data",VLOOKUP($B$8&$A12&$B12,KeyFacts_RawData,7,FALSE)) -> #REF! | I12: =IF(ISNA(VLOOKUP($B$8&$A12&$B12,KeyFacts_RawData,9,FALSE)),"No data",VLOOKUP($B$8&$A12&$B12,KeyFacts_RawData,9,FALSE)) -> #REF!
B13: EQ VAS | C13: =IF(ISNA(VLOOKUP($B$8&$A12&$B13,KeyFacts_RawData,11,FALSE)),"No data",VLOOKUP($B$8&$A12&$B13,KeyFacts_RawData,11,FALSE)) -> #REF! | D13: =IF(ISNA(VLOOKUP($B$8&$A12&$B13,KeyFacts_RawData,13,FALSE)),"No data",IF(ISNUMBER(VLOOKUP($B$8&$A12&$B13,KeyFacts_RawData,13,FALSE)),-VLOOKUP($B$8&$A12&$B13,KeyFacts_RawData,13,FALSE),VLOOKUP($B$8&$A12&$B13,KeyFacts_RawData,13,FALSE))) -> #REF! | E13: =IF(ISNA(VLOOKUP(Reference!$AA$2&Reference!$AA$2&$A$12&B13,KeyFacts_RawData,11,FALSE)),"No data",IF(VLOOKUP(Reference!$AA$2&Reference!$AA$2&$A$12&B13,KeyFacts_RawData,11,FALSE)="*",NA(),VLOOKUP(Reference!$AA$2&Reference!$AA$2&$A$12&B13,KeyFacts_RawData,11,FALSE))) -> #REF! | F13: =IF(ISNA(VLOOKUP(Reference!$AA$2&Reference!$AA$2&$A$12&$B13,KeyFacts_RawData,13,FALSE)),"No data",IF(VLOOKUP(Reference!$AA$2&Reference!$AA$2&$A$12&$B13,KeyFacts_RawData,13,FALSE) = "*",NA(),IF(ISNUMBER(VLOOKUP(Reference!$AA$2&Reference!$AA$2&$A$12&$B13,KeyFacts_RawData,13,FALSE)),-VLOOKUP(Reference!$AA$2&Reference!$AA$2&$A$12&$B13,KeyFacts_RawData,13,FALSE),VLOOKUP(Reference!$AA$2&Reference!$AA$2&$A$12&$B13,KeyFacts_RawData,13,FALSE)))) -> #REF! | G13: 1.5 | H13: =IF(ISNA(VLOOKUP($B$8&$A12&$B13,KeyFacts_RawData,7,FALSE)),"No data",VLOOKUP($B$8&$A12&$B13,KeyFacts_RawData,7,FALSE)) -> #REF! | I13: =IF(ISNA(VLOOKUP($B$8&$A12&$B13,KeyFacts_RawData,9,FALSE)),"No data",VLOOKUP($B$8&$A12&$B13,KeyFacts_RawData,9,FALSE)) -> #REF!
B14: EQ-5D Index | C14: =IF(ISNA(VLOOKUP('Chart data'!$B$8&$A12&$B14,KeyFacts_RawData,11,FALSE)),"No data",VLOOKUP('Chart data'!$B$8&$A12&$B14,KeyFacts_RawData,11,FALSE)) -> #REF! | D14: =IF(ISNA(VLOOKUP('Chart data'!$B$8&$A12&$B14,KeyFacts_RawData,13,FALSE)),"No data",IF(ISNUMBER(VLOOKUP('Chart data'!$B$8&$A12&$B14,KeyFacts_RawData,13,FALSE)),-VLOOKUP('Chart data'!$B$8&$A12&$B14,KeyFacts_RawData,13,FALSE),VLOOKUP('Chart data'!$B$8&$A12&$B14,KeyFacts_RawData,13,FALSE))) -> #REF! | E14: =IF(ISNA(VLOOKUP(Reference!$AA$2&Reference!$AA$2&$A$12&B14,KeyFacts_RawData,11,FALSE)),"No data",IF(VLOOKUP(Reference!$AA$2&Reference!$AA$2&$A$12&B14,KeyFacts_RawData,11,FALSE)="*",NA(),VLOOKUP(Reference!$AA$2&Reference!$AA$2&$A$12&B14,KeyFacts_RawData,11,FALSE))) -> #REF! | F14: =IF(ISNA(VLOOKUP(Reference!$AA$2&Reference!$AA$2&$A$12&$B14,KeyFacts_RawData,13,FALSE)),"No data",IF(VLOOKUP(Reference!$AA$2&Reference!$AA$2&$A$12&$B14,KeyFacts_RawData,13,FALSE) = "*",NA(),IF(ISNUMBER(VLOOKUP(Reference!$AA$2&Reference!$AA$2&$A$12&$B14,KeyFacts_RawData,13,FALSE)),-VLOOKUP(Reference!$AA$2&Reference!$AA$2&$A$12&$B14,KeyFacts_RawData,13,FALSE),VLOOKUP(Reference!$AA$2&Reference!$AA$2&$A$12&$B14,KeyFacts_RawData,13,FALSE)))) -> #REF! | G14: 2.5 | H14: =IF(ISNA(VLOOKUP('Chart data'!$B$8&$A12&$B14,KeyFacts_RawData,7,FALSE)),"No data",VLOOKUP('Chart data'!$B$8&$A12&$B14,KeyFacts_RawData,7,FALSE)) -> #REF! | I14: =IF(ISNA(VLOOKUP('Chart data'!$B$8&$A12&$B14,KeyFacts_RawData,9,FALSE)),"No data",VLOOKUP('Chart data'!$B$8&$A12&$B14,KeyFacts_RawData,9,FALSE)) -> #REF!
A15: Knee Replacement | B15: Oxford Knee Score | C15: =IF(ISNA(VLOOKUP($B$8&A15&B15,KeyFacts_RawData,11,FALSE)),"No data",VLOOKUP($B$8&A15&B15,KeyFacts_RawData,11,FALSE)) -> #REF! | D15: =IF(ISNA(VLOOKUP($B$8&$A15&$B15,KeyFacts_RawData,13,FALSE)),"No data",IF(ISNUMBER(VLOOKUP($B$8&$A15&$B15,KeyFacts_RawData,13,FALSE)),-VLOOKUP($B$8&$A15&$B15,KeyFacts_RawData,13,FALSE),VLOOKUP($B$8&$A15&$B15,KeyFacts_RawData,13,FALSE))) -> #REF! | E15: =IF(ISNA(VLOOKUP(Reference!$AA$2&Reference!$AA$2&$A$15&B15,KeyFacts_RawData,11,FALSE)),"No data",IF(VLOOKUP(Reference!$AA$2&Reference!$AA$2&$A$15&B15,KeyFacts_RawData,11,FALSE)="*",NA(),VLOOKUP(Reference!$AA$2&Reference!$AA$2&$A$15&B15,KeyFacts_RawData,11,FALSE))) -> #REF! | F15: =IF(ISNA(VLOOKUP(Reference!$AA$2&Reference!$AA$2&$A$15&$B15,KeyFacts_RawData,13,FALSE)),"No data",IF(VLOOKUP(Reference!$AA$2&Reference!$AA$2&$A$15&$B15,KeyFacts_RawData,13,FALSE) = "*",NA(),IF(ISNUMBER(VLOOKUP(Reference!$AA$2&Reference!$AA$2&$A$15&$B15,KeyFacts_RawData,13,FALSE)),-VLOOKUP(Reference!$AA$2&Reference!$AA$2&$A$15&$B15,KeyFacts_RawData,13,FALSE),VLOOKUP(Reference!$AA$2&Reference!$AA$2&$A$15&$B15,KeyFacts_RawData,13,FALSE)))) -> #REF! | G15: 3.5 | H15: =IF(ISNA(VLOOKUP($B$8&$A15&$B15,KeyFacts_RawData,7,FALSE)),"No data",VLOOKUP($B$8&$A15&$B15,KeyFacts_RawData,7,FALSE)) -> #REF! | I15: =IF(ISNA(VLOOKUP($B$8&$A15&$B15,KeyFacts_RawData,9,FALSE)),"No data",VLOOKUP($B$8&$A15&$B15,KeyFacts_RawData,9,FALSE)) -> #REF!
B16: EQ VAS | C16: =IF(ISNA(VLOOKUP($B$8&A15&B16,KeyFacts_RawData,11,FALSE)),"No data",VLOOKUP($B$8&A15&B16,KeyFacts_RawData,11,FALSE)) -> #REF! | D16: =IF(ISNA(VLOOKUP($B$8&$A15&$B16,KeyFacts_RawData,13,FALSE)),"No data",IF(ISNUMBER(VLOOKUP($B$8&$A15&$B16,KeyFacts_RawData,13,FALSE)),-VLOOKUP($B$8&$A15&$B16,KeyFacts_RawData,13,FALSE),VLOOKUP($B$8&$A15&$B16,KeyFacts_RawData,13,FALSE))) -> #REF! | E16: =IF(ISNA(VLOOKUP(Reference!$AA$2&Reference!$AA$2&$A$15&B16,KeyFacts_RawData,11,FALSE)),"No data",IF(VLOOKUP(Reference!$AA$2&Reference!$AA$2&$A$15&B16,KeyFacts_RawData,11,FALSE)="*",NA(),VLOOKUP(Reference!$AA$2&Reference!$AA$2&$A$15&B16,KeyFacts_RawData,11,FALSE))) -> #REF! | F16: =IF(ISNA(VLOOKUP(Reference!$AA$2&Reference!$AA$2&$A$15&$B16,KeyFacts_RawData,13,FALSE)),"No data",IF(VLOOKUP(Reference!$AA$2&Reference!$AA$2&$A$15&$B16,KeyFacts_RawData,13,FALSE) = "*",NA(),IF(ISNUMBER(VLOOKUP(Reference!$AA$2&Reference!$AA$2&$A$15&$B16,KeyFacts_RawData,13,FALSE)),-VLOOKUP(Reference!$AA$2&Reference!$AA$2&$A$15&$B16,KeyFacts_RawData,13,FALSE),VLOOKUP(Reference!$AA$2&Reference!$AA$2&$A$15&$B16,KeyFacts_RawData,13,FALSE)))) -> #REF! | G16: 4.5 | H16: =IF(ISNA(VLOOKUP($B$8&$A15&$B16,KeyFacts_RawData,7,FALSE)),"No data",VLOOKUP($B$8&$A15&$B16,KeyFacts_RawData,7,FALSE)) -> #REF! | I16: =IF(ISNA(VLOOKUP($B$8&$A15&$B16,KeyFacts_RawData,9,FALSE)),"No data",VLOOKUP($B$8&$A15&$B16,KeyFacts_RawData,9,FALSE)) -> #REF!
B17: EQ-5D Index | C17: =IF(ISNA(VLOOKUP('Chart data'!$B$8&A15&B17,KeyFacts_RawData,11,FALSE)),"No data",VLOOKUP('Chart data'!$B$8&A15&B17,KeyFacts_RawData,11,FALSE)) -> #REF! | D17: =IF(ISNA(VLOOKUP('Chart data'!$B$8&$A15&$B17,KeyFacts_RawData,13,FALSE)),"No data",IF(ISNUMBER(VLOOKUP('Chart data'!$B$8&$A15&$B17,KeyFacts_RawData,13,FALSE)),-VLOOKUP('Chart data'!$B$8&$A15&$B17,KeyFacts_RawData,13,FALSE),VLOOKUP('Chart data'!$B$8&$A15&$B17,KeyFacts_RawData,13,FALSE))) -> #REF! | E17: =IF(ISNA(VLOOKUP(Reference!$AA$2&Reference!$AA$2&$A$15&B17,KeyFacts_RawData,11,FALSE)),"No data",IF(VLOOKUP(Reference!$AA$2&Reference!$AA$2&$A$15&B17,KeyFacts_RawData,11,FALSE)="*",NA(),VLOOKUP(Reference!$AA$2&Reference!$AA$2&$A$15&B17,KeyFacts_RawData,11,FALSE))) -> #REF! | F17: =IF(ISNA(VLOOKUP(Reference!$AA$2&Reference!$AA$2&$A$15&$B17,KeyFacts_RawData,13,FALSE)),"No data",IF(VLOOKUP(Reference!$AA$2&Reference!$AA$2&$A$15&$B17,KeyFacts_RawData,13,FALSE) = "*",NA(),IF(ISNUMBER(VLOOKUP(Reference!$AA$2&Reference!$AA$2&$A$15&$B17,KeyFacts_RawData,13,FALSE)),-VLOOKUP(Reference!$AA$2&Reference!$AA$2&$A$15&$B17,KeyFacts_RawData,13,FALSE),VLOOKUP(Reference!$AA$2&Reference!$AA$2&$A$15&$B17,KeyFacts_RawData,13,FALSE)))) -> #REF! | G17: 5.5 | H17: =IF(ISNA(VLOOKUP('Chart data'!$B$8&$A15&$B17,KeyFacts_RawData,7,FALSE)),"No data",VLOOKUP('Chart data'!$B$8&$A15&$B17,KeyFacts_RawData,7,FALSE)) -> #REF! | I17: =IF(ISNA(VLOOKUP('Chart data'!$B$8&$A15&$B17,KeyFacts_RawData,9,FALSE)),"No data",VLOOKUP('Chart data'!$B$8&$A15&$B17,KeyFacts_RawData,9,FALSE)) -> #REF!
A18: Hip Replacement | B18: Oxford Hip Score | C18: =IF(ISNA(VLOOKUP($B$8&A18&B18,KeyFacts_RawData,11,FALSE)),"No data",VLOOKUP($B$8&A18&B18,KeyFacts_RawData,11,FALSE)) -> #REF! | D18: =IF(ISNA(VLOOKUP($B$8&$A18&$B18,KeyFacts_RawData,13,FALSE)),"No data",IF(ISNUMBER(VLOOKUP($B$8&$A18&$B18,KeyFacts_RawData,13,FALSE)),-VLOOKUP($B$8&$A18&$B18,KeyFacts_RawData,13,FALSE),VLOOKUP($B$8&$A18&$B18,KeyFacts_RawData,13,FALSE))) -> #REF! | E18: =IF(ISNA(VLOOKUP(Reference!$AA$2&Reference!$AA$2&$A$18&B18,KeyFacts_RawData,11,FALSE)),"No data",IF(VLOOKUP(Reference!$AA$2&Reference!$AA$2&$A$18&B18,KeyFacts_RawData,11,FALSE)="*",NA(),VLOOKUP(Reference!$AA$2&Reference!$AA$2&$A$18&B18,KeyFacts_RawData,11,FALSE))) -> #REF! | F18: =IF(ISNA(VLOOKUP(Reference!$AA$2&Reference!$AA$2&$A$18&$B18,KeyFacts_RawData,13,FALSE)),"No data",IF(VLOOKUP(Reference!$AA$2&Reference!$AA$2&$A$18&$B18,KeyFacts_RawData,13,FALSE) = "*",NA(),IF(ISNUMBER(VLOOKUP(Reference!$AA$2&Reference!$AA$2&$A$18&$B18,KeyFacts_RawData,13,FALSE)),-VLOOKUP(Reference!$AA$2&Reference!$AA$2&$A$18&$B18,KeyFacts_RawData,13,FALSE),VLOOKUP(Reference!$AA$2&Reference!$AA$2&$A$18&$B18,KeyFacts_RawData,13,FALSE)))) -> #REF! | G18: 6.5 | H18: =IF(ISNA(VLOOKUP($B$8&$A18&$B18,KeyFacts_RawData,7,FALSE)),"No data",VLOOKUP($B$8&$A18&$B18,KeyFacts_RawData,7,FALSE)) -> #REF! | I18: =IF(ISNA(VLOOKUP($B$8&$A18&$B18,KeyFacts_RawData,9,FALSE)),"No data",VLOOKUP($B$8&$A18&$B18,KeyFacts_RawData,9,FALSE)) -> #REF!
B19: EQ VAS | C19: =IF(ISNA(VLOOKUP($B$8&A18&B19,KeyFacts_RawData,11,FALSE)),"No data",VLOOKUP($B$8&A18&B19,KeyFacts_RawData,11,FALSE)) -> #REF! | D19: =IF(ISNA(VLOOKUP($B$8&$A18&$B19,KeyFacts_RawData,13,FALSE)),"No data",IF(ISNUMBER(VLOOKUP($B$8&$A18&$B19,KeyFacts_RawData,13,FALSE)),-VLOOKUP($B$8&$A18&$B19,KeyFacts_RawData,13,FALSE),VLOOKUP($B$8&$A18&$B19,KeyFacts_RawData,13,FALSE))) -> #REF! | E19: =IF(ISNA(VLOOKUP(Reference!$AA$2&Reference!$AA$2&$A$18&B19,KeyFacts_RawData,11,FALSE)),"No data",IF(VLOOKUP(Reference!$AA$2&Reference!$AA$2&$A$18&B19,KeyFacts_RawData,11,FALSE)="*",NA(),VLOOKUP(Reference!$AA$2&Reference!$AA$2&$A$18&B19,KeyFacts_RawData,11,FALSE))) -> #REF! | F19: =IF(ISNA(VLOOKUP(Reference!$AA$2&Reference!$AA$2&$A$18&$B19,KeyFacts_RawData,13,FALSE)),"No data",IF(VLOOKUP(Reference!$AA$2&Reference!$AA$2&$A$18&$B19,KeyFacts_RawData,13,FALSE) = "*",NA(),IF(ISNUMBER(VLOOKUP(Reference!$AA$2&Reference!$AA$2&$A$18&$B19,KeyFacts_RawData,13,FALSE)),-VLOOKUP(Reference!$AA$2&Reference!$AA$2&$A$18&$B19,KeyFacts_RawData,13,FALSE),VLOOKUP(Reference!$AA$2&Reference!$AA$2&$A$18&$B19,KeyFacts_RawData,13,FALSE)))) -> #REF! | G19: 7.5 | H19: =IF(ISNA(VLOOKUP($B$8&$A18&$B19,KeyFacts_RawData,7,FALSE)),"No data",VLOOKUP($B$8&$A18&$B19,KeyFacts_RawData,7,FALSE)) -> #REF! | I19: =IF(ISNA(VLOOKUP($B$8&$A18&$B19,KeyFacts_RawData,9,FALSE)),"No data",VLOOKUP($B$8&$A18&$B19,KeyFacts_RawData,9,FALSE)) -> #REF!
B20: EQ-5D Index | C20: =IF(ISNA(VLOOKUP('Chart data'!$B$8&A18&B20,KeyFacts_RawData,11,FALSE)),"No data",VLOOKUP('Chart data'!$B$8&A18&B20,KeyFacts_RawData,11,FALSE)) -> #REF! | D20: =IF(ISNA(VLOOKUP('Chart data'!$B$8&$A18&$B20,KeyFacts_RawData,13,FALSE)),"No data",IF(ISNUMBER(VLOOKUP('Chart data'!$B$8&$A18&$B20,KeyFacts_RawData,13,FALSE)),-VLOOKUP('Chart data'!$B$8&$A18&$B20,KeyFacts_RawData,13,FALSE),VLOOKUP('Chart data'!$B$8&$A18&$B20,KeyFacts_RawData,13,FALSE))) -> #REF! | E20: =IF(ISNA(VLOOKUP(Reference!$AA$2&Reference!$AA$2&$A$18&B20,KeyFacts_RawData,11,FALSE)),"No data",IF(VLOOKUP(Reference!$AA$2&Reference!$AA$2&$A$18&B20,KeyFacts_RawData,11,FALSE)="*",NA(),VLOOKUP(Reference!$AA$2&Reference!$AA$2&$A$18&B20,KeyFacts_RawData,11,FALSE))) -> #REF! | F20: =IF(ISNA(VLOOKUP(Reference!$AA$2&Reference!$AA$2&$A$18&$B20,KeyFacts_RawData,13,FALSE)),"No data",IF(VLOOKUP(Reference!$AA$2&Reference!$AA$2&$A$18&$B20,KeyFacts_RawData,13,FALSE) = "*",NA(),IF(ISNUMBER(VLOOKUP(Reference!$AA$2&Reference!$AA$2&$A$18&$B20,KeyFacts_RawData,13,FALSE)),-VLOOKUP(Reference!$AA$2&Reference!$AA$2&$A$18&$B20,KeyFacts_RawData,13,FALSE),VLOOKUP(Reference!$AA$2&Reference!$AA$2&$A$18&$B20,KeyFacts_RawData,13,FALSE)))) -> #REF! | G20: 8.5 | H20: =IF(ISNA(VLOOKUP('Chart data'!$B$8&$A18&$B20,KeyFacts_RawData,7,FALSE)),"No data",VLOOKUP('Chart data'!$B$8&$A18&$B20,KeyFacts_RawData,7,FALSE)) -> #REF! | I20: =IF(ISNA(VLOOKUP('Chart data'!$B$8&$A18&$B20,KeyFacts_RawData,9,FALSE)),"No data",VLOOKUP('Chart data'!$B$8&$A18&$B20,KeyFacts_RawData,9,FALSE)) -> #REF!
A21: Groin Hernia | B21: EQ VAS | C21: =IF(ISNA(VLOOKUP($B$8&$A21&$B21,KeyFacts_RawData,11,FALSE)),"No data",VLOOKUP($B$8&$A21&$B21,KeyFacts_RawData,11,FALSE)) -> #REF! | D21: =IF(ISNA(VLOOKUP($B$8&$A21&$B21,KeyFacts_RawData,13,FALSE)),"No data",IF(ISNUMBER(VLOOKUP($B$8&$A21&$B21,KeyFacts_RawData,13,FALSE)),-VLOOKUP($B$8&$A21&$B21,KeyFacts_RawData,13,FALSE),VLOOKUP($B$8&$A21&$B21,KeyFacts_RawData,13,FALSE))) -> #REF! | E21: =IF(ISNA(VLOOKUP(Reference!$AA$2&Reference!$AA$2&$A$21&B21,KeyFacts_RawData,11,FALSE)),"No data",IF(VLOOKUP(Reference!$AA$2&Reference!$AA$2&$A$21&B21,KeyFacts_RawData,11,FALSE)="*",NA(),VLOOKUP(Reference!$AA$2&Reference!$AA$2&$A$21&B21,KeyFacts_RawData,11,FALSE))) -> #REF! | F21: =IF(ISNA(VLOOKUP(Reference!$AA$2&Reference!$AA$2&$A$21&$B21,KeyFacts_RawData,13,FALSE)),"No data",IF(VLOOKUP(Reference!$AA$2&Reference!$AA$2&$A$21&$B21,KeyFacts_RawData,13,FALSE) = "*",NA(),IF(ISNUMBER(VLOOKUP(Reference!$AA$2&Reference!$AA$2&$A$21&$B21,KeyFacts_RawData,13,FALSE)),-VLOOKUP(Reference!$AA$2&Reference!$AA$2&$A$21&$B21,KeyFacts_RawData,13,FALSE),VLOOKUP(Reference!$AA$2&Reference!$AA$2&$A$21&$B21,KeyFacts_RawData,13,FALSE)))) -> #REF! | G21: 9.5 | H21: =IF(ISNA(VLOOKUP($B$8&$A21&$B21,KeyFacts_RawData,7,FALSE)),"No data",VLOOKUP($B$8&$A21&$B21,KeyFacts_RawData,7,FALSE)) -> #REF! | I21: =IF(ISNA(VLOOKUP($B$8&$A21&$B21,KeyFacts_RawData,9,FALSE)),"No data",VLOOKUP($B$8&$A21&$B21,KeyFacts_RawData,9,FALSE)) -> #REF!
B22: EQ-5D Index | C22: =IF(ISNA(VLOOKUP('Chart data'!$B$8&$A21&$B22,KeyFacts_RawData,11,FALSE)),"No data",VLOOKUP('Chart data'!$B$8&$A21&$B22,KeyFacts_RawData,11,FALSE)) -> #REF! | D22: =IF(ISNA(VLOOKUP('Chart data'!$B$8&$A21&$B22,KeyFacts_RawData,13,FALSE)),"No data",IF(ISNUMBER(VLOOKUP('Chart data'!$B$8&$A21&$B22,KeyFacts_RawData,13,FALSE)),-VLOOKUP('Chart data'!$B$8&$A21&$B22,KeyFacts_RawData,13,FALSE),VLOOKUP('Chart data'!$B$8&$A21&$B22,KeyFacts_RawData,13,FALSE))) -> #REF! | E22: =IF(ISNA(VLOOKUP(Reference!$AA$2&Reference!$AA$2&$A$21&B22,KeyFacts_RawData,11,FALSE)),"No data",IF(VLOOKUP(Reference!$AA$2&Reference!$AA$2&$A$21&B22,KeyFacts_RawData,11,FALSE)="*",NA(),VLOOKUP(Reference!$AA$2&Reference!$AA$2&$A$21&B22,KeyFacts_RawData,11,FALSE))) -> #REF! | F22: =IF(ISNA(VLOOKUP(Reference!$AA$2&Reference!$AA$2&$A$21&$B22,KeyFacts_RawData,13,FALSE)),"No data",IF(VLOOKUP(Reference!$AA$2&Reference!$AA$2&$A$21&$B22,KeyFacts_RawData,13,FALSE) = "*",NA(),IF(ISNUMBER(VLOOKUP(Reference!$AA$2&Reference!$AA$2&$A$21&$B22,KeyFacts_RawData,13,FALSE)),-VLOOKUP(Reference!$AA$2&Reference!$AA$2&$A$21&$B22,KeyFacts_RawData,13,FALSE),VLOOKUP(Reference!$AA$2&Reference!$AA$2&$A$21&$B22,KeyFacts_RawData,13,FALSE)))) -> #REF! | G22: 10.5 | H22: =IF(ISNA(VLOOKUP('Chart data'!$B$8&$A21&$B22,KeyFacts_RawData,7,FALSE)),"No data",VLOOKUP('Chart data'!$B$8&$A21&$B22,KeyFacts_RawData,7,FALSE)) -> #REF! | I22: =IF(ISNA(VLOOKUP('Chart data'!$B$8&$A21&$B22,KeyFacts_RawData,9,FALSE)),"No data",VLOOKUP('Chart data'!$B$8&$A21&$B22,KeyFacts_RawData,9,FALSE)) -> #REF!
A25: Pre-operative participation and linkage | C25: Eligible Procedures | D25: Pre-operative questionnaires completed | E25: Participation Rate | F25: Pre-operative questionnaires linked | G25: Linkage Rate
A26: Procedure | B26: All Procedures | C26: =VLOOKUP("England",Participation_Data,2,FALSE) -> #N/A | D26: =VLOOKUP("England",Participation_Data,3,FALSE) -> #N/A | E26: =VLOOKUP("England",Participation_Data,4,FALSE) -> #N/A | F26: =VLOOKUP("England",Participation_Data,5,FALSE) -> #N/A | G26: =VLOOKUP("England",Participation_Data,6,FALSE) -> #N/A
B27: Groin Hernia | C27: =VLOOKUP("England",Participation_Data,11,FALSE) -> #N/A | D27: =VLOOKUP("England",Participation_Data,12,FALSE) -> #N/A | E27: =VLOOKUP("England",Participation_Data,13,FALSE) -> #N/A | F27: =VLOOKUP("England",Participation_Data,14,FALSE) -> #N/A | G27: =VLOOKUP("England",Participation_Data,15,FALSE) -> #N/A
B28: Hip Replacement | C28: =VLOOKUP("England",Participation_Data,20,FALSE) -> #N/A | D28: =VLOOKUP("England",Participation_Data,21,FALSE) -> #N/A | E28: =VLOOKUP("England",Participation_Data,22,FALSE) -> #N/A | F28: =VLOOKUP("England",Participation_Data,23,FALSE) -> #N/A | G28: =VLOOKUP("England",Participation_Data,24,FALSE) -> #N/A
B29: Knee Replacement | C29: =VLOOKUP("England",Participation_Data,29,FALSE) -> #N/A | D29: =VLOOKUP("England",Participation_Data,30,FALSE) -> #N/A | E29: =VLOOKUP("England",Participation_Data,31,FALSE) -> #N/A | F29: =VLOOKUP("England",Participation_Data,32,FALSE) -> #N/A | G29: =VLOOKUP("England",Participation_Data,33,FALSE) -> #N/A
B30: Varicose Vein | C30: =VLOOKUP("England",Participation_Data,38,FALSE) -> #N/A | D30: =VLOOKUP("England",Participation_Data,39,FALSE) -> #N/A | E30: =VLOOKUP("England",Participation_Data,40,FALSE) -> #N/A | F30: =VLOOKUP("England",Participation_Data,41,FALSE) -> #N/A | G30: =VLOOKUP("England",Participation_Data,42,FALSE) -> #N/A
A32: Post-operative issue and return | C32: Pre-operative questionnaires completed | D32: Post-operative questionnaires sent out | E32: Issue Rate | F32: Post-operative questionnaires returned | G32: Response Rate
A33: Procedure | B33: All Procedures | C33: =VLOOKUP("England",Participation_Data,3,FALSE) -> #N/A | D33: =VLOOKUP("England",Participation_Data,7,FALSE) -> #N/A | E33: =VLOOKUP("England",Participation_Data,8,FALSE) -> #N/A | F33: =VLOOKUP("England",Participation_Data,9,FALSE) -> #N/A | G33: =VLOOKUP("England",Participation_Data,10,FALSE) -> #N/A
B34: Groin Hernia | C34: =VLOOKUP("England",Participation_Data,12,FALSE) -> #N/A | D34: =VLOOKUP("England",Participation_Data,16,FALSE) -> #N/A | E34: =VLOOKUP("England",Participation_Data,17,FALSE) -> #N/A | F34: =VLOOKUP("England",Participation_Data,18,FALSE) -> #N/A | G34: =VLOOKUP("England",Participation_Data,19,FALSE) -> #N/A
B35: Hip Replacement | C35: =VLOOKUP("England",Participation_Data,21,FALSE) -> #N/A | D35: =VLOOKUP("England",Participation_Data,25,FALSE) -> #N/A | E35: =VLOOKUP("England",Participation_Data,26,FALSE) -> #N/A | F35: =VLOOKUP("England",Participation_Data,27,FALSE) -> #N/A | G35: =VLOOKUP("England",Participation_Data,28,FALSE) -> #N/A
B36: Knee Replacement | C36: =VLOOKUP("England",Participation_Data,30,FALSE) -> #N/A | D36: =VLOOKUP("England",Participation_Data,34,FALSE) -> #N/A | E36: =VLOOKUP("England",Participation_Data,35,FALSE) -> #N/A | F36: =VLOOKUP("England",Participation_Data,36,FALSE) -> #N/A | G36: =VLOOKUP("England",Participation_Data,37,FALSE) -> #N/A
B37: Varicose Vein | C37: =VLOOKUP("England",Participation_Data,39,FALSE) -> #N/A | D37: =VLOOKUP("England",Participation_Data,43,FALSE) -> #N/A | E37: =VLOOKUP("England",Participation_Data,44,FALSE) -> #N/A | F37: =VLOOKUP("England",Participation_Data,45,FALSE) -> #N/A | G37: =VLOOKUP("England",Participation_Data,46,FALSE) -> #N/A
A40: Key Facts - Raw Data
A41: Number of rows | B41: =ROWS(#REF!)-COUNTBLANK(#REF!) -> #REF!
A43: Participation - Raw Data
A44: Number of rows | B44: =ROWS('Participation - Raw Data'!A:A)-COUNTBLANK('Participation - Raw Data'!A:A) -> 1
A46: Tables and Charts - Raw Data
A47: Number of rows | B47: =COUNTA('Provider Commission - Raw Data'!C:C) -> 1
A49: Select 10 - Table
A50: Number of rows - Org level 1 | B50: =IF('Select 10 table'!B17=Reference!$AA$3,Reference!$O$2,IF('Select 10 table'!B17=Reference!$AA$4,Reference!$L$2,IF('Select 10 table'!B17=Reference!$AA$5,Reference!$I$2,Reference!$F$2))) -> 0
A51: Number of rows - Org level 2 | B51: =IF('Select 10 table'!B18=Reference!$AA$3,Reference!$O$2,IF('Select 10 table'!B18=Reference!$AA$4,Reference!$L$2,IF('Select 10 table'!B18=Reference!$AA$5,Reference!$I$2,Reference!$F$2))) -> 0
A52: Number of rows - Org level 3 | B52: =IF('Select 10 table'!B19=Reference!$AA$3,Reference!$O$2,IF('Select 10 table'!B19=Reference!$AA$4,Reference!$L$2,IF('Select 10 table'!B19=Reference!$AA$5,Reference!$I$2,Reference!$F$2))) -> 0
A53: Number of rows - Org level 4 | B53: =IF('Select 10 table'!B20=Reference!$AA$3,Reference!$O$2,IF('Select 10 table'!B20=Reference!$AA$4,Reference!$L$2,IF('Select 10 table'!B20=Reference!$AA$5,Reference!$I$2,Reference!$F$2))) -> 0
A54: Number of rows - Org level 5 | B54: =IF('Select 10 table'!B21=Reference!$AA$3,Reference!$O$2,IF('Select 10 table'!B21=Reference!$AA$4,Reference!$L$2,IF('Select 10 table'!B21=Reference!$AA$5,Reference!$I$2,Reference!$F$2))) -> 0
A55: Number of rows - Org level 6 | B55: =IF('Select 10 table'!B22=Reference!$AA$3,Reference!$O$2,IF('Select 10 table'!B22=Reference!$AA$4,Reference!$L$2,IF('Select 10 table'!B22=Reference!$AA$5,Reference!$I$2,Reference!$F$2))) -> 0
A56: Number of rows - Org level 7 | B56: =IF('Select 10 table'!B23=Reference!$AA$3,Reference!$O$2,IF('Select 10 table'!B23=Reference!$AA$4,Reference!$L$2,IF('Select 10 table'!B23=Reference!$AA$5,Reference!$I$2,Reference!$F$2))) -> 0
A57: Number of rows - Org level 8 | B57: =IF('Select 10 table'!B24=Reference!$AA$3,Reference!$O$2,IF('Select 10 table'!B24=Reference!$AA$4,Reference!$L$2,IF('Select 10 table'!B24=Reference!$AA$5,Reference!$I$2,Reference!$F$2))) -> 0
A58: Number of rows - Org level 9 | B58: =IF('Select 10 table'!B25=Reference!$AA$3,Reference!$O$2,IF('Select 10 table'!B25=Reference!$AA$4,Reference!$L$2,IF('Select 10 table'!B25=Reference!$AA$5,Reference!$I$2,Reference!$F$2))) -> 0
A59: Number of rows - Org level 10 | B59: =IF('Select 10 table'!B26=Reference!$AA$3,Reference!$O$2,IF('Select 10 table'!B26=Reference!$AA$4,Reference!$L$2,IF('Select 10 table'!B26=Reference!$AA$5,Reference!$I$2,Reference!$F$2))) -> 0
A61: Funnel_Plot
A62: Number of Organisations | B62: =IF('Funnel Plot'!F11=Reference!AA3,Reference!$O$2,IF('Funnel Plot'!F11=Reference!AA4,Reference!$L$2,IF('Funnel Plot'!F11=Reference!AA5,Reference!$I$2,Reference!$F$2))) -> 0

Sheet Provider Commission - Lookup
A1: Select 10 - Table
B3: Procedure | C3: ='Select 10 table'!B13 -> Total Hip Replacement
B4: Measure | C4: ='Select 10 table'!E13 -> EQ-5D Index
B7: Organisation Level | C7: Organisation Name | D7: Modelled records | E7: Average Pre-Op Q Score | F7: Average Post-Op Q Score | G7: Health Gain | H7: Improved | I7: Unchanged | J7: Worsened | K7: Adjusted average Post-Op Q score | L7: Adjusted average Health Gain | M7: Standard Deviation
B8: ENGLAND | C8: ENGLAND | D8: =IF(ISERROR(VLOOKUP($C$3&$B8&$C8&$C$4,TableandCharts_RawData,7,FALSE)),"No data",VLOOKUP($C$3&$B8&$C8&$C$4,TableandCharts_RawData,7,FALSE)) -> No data | E8: =IF(D8>=200,IF(ISERROR(VLOOKUP($C$3&$B8&$C8&$C$4,TableandCharts_RawData,8,FALSE)),"No data",VLOOKUP($C$3&$B8&$C8&$C$4,TableandCharts_RawData,8,FALSE)),"*") -> No data | F8: =IF(D8>=200,IF(ISERROR(VLOOKUP($C$3&$B8&$C8&$C$4,TableandCharts_RawData,9,FALSE)),"No data",VLOOKUP($C$3&$B8&$C8&$C$4,TableandCharts_RawData,9,FALSE)),"*") -> No data | G8: =IF(D8>=200,IF(ISERROR(VLOOKUP($C$3&$B8&$C8&$C$4,TableandCharts_RawData,10,FALSE)),"No data",VLOOKUP($C$3&$B8&$C8&$C$4,TableandCharts_RawData,10,FALSE)),"*") -> No data | H8: =IF(D8>=200,IF(ISERROR(VLOOKUP($C$3&$B8&$C8&$C$4,TableandCharts_RawData,11,FALSE)),"No data",IF(VLOOKUP($C$3&$B8&$C8&$C$4,TableandCharts_RawData,11,FALSE)="*","*",IF(VLOOKUP($C$3&$B8&$C8&$C$4,TableandCharts_RawData,11,FALSE)=0,"0"&CHAR(10)&"(0.0%)",TEXT(VLOOKUP($C$3&$B8&$C8&$C$4,TableandCharts_RawData,11,FALSE),"?,0")&CHAR(10)&" ("&TEXT(VLOOKUP($C$3&$B8&$C8&$C$4,TableandCharts_RawData,11,FALSE)/VLOOKUP($C$3&$B8&$C8&$C$4,TableandCharts_RawData,7,FALSE),"0.0%")&")"))),"*") -> No data | I8: =IF(D8>=200,IF(ISERROR(VLOOKUP($C$3&$B8&$C8&$C$4,TableandCharts_RawData,12,FALSE)),"No data",IF(VLOOKUP($C$3&$B8&$C8&$C$4,TableandCharts_RawData,12,FALSE)="*","*",IF(VLOOKUP($C$3&$B8&$C8&$C$4,TableandCharts_RawData,12,FALSE)=0,"0"&CHAR(10)&"(0.0%)",TEXT(VLOOKUP($C$3&$B8&$C8&$C$4,TableandCharts_RawData,12,FALSE),"?,0")&CHAR(10)&" ("&TEXT(VLOOKUP($C$3&$B8&$C8&$C$4,TableandCharts_RawData,12,FALSE)/VLOOKUP($C$3&$B8&$C8&$C$4,TableandCharts_RawData,7,FALSE),"0.0%")&")"))),"*") -> No data | J8: =IF(D8>=200,IF(ISERROR(VLOOKUP($C$3&$B8&$C8&$C$4,TableandCharts_RawData,13,FALSE)),"No data",IF(VLOOKUP($C$3&$B8&$C8&$C$4,TableandCharts_RawData,13,FALSE)="*","*",IF(VLOOKUP($C$3&$B8&$C8&$C$4,TableandCharts_RawData,13,FALSE)=0,"0"&CHAR(10)&"(0.0%)",TEXT(VLOOKUP($C$3&$B8&$C8&$C$4,TableandCharts_RawData,13,FALSE),"?,0")&CHAR(10)&" ("&TEXT(VLOOKUP($C$3&$B8&$C8&$C$4,TableandCharts_RawData,13,FALSE)/VLOOKUP($C$3&$B8&$C8&$C$4,TableandCharts_RawData,7,FALSE),"0.0%")&")"))),"*") -> No data | K8: =IF(D8>=200,IF(ISERROR(VLOOKUP($C$3&$B8&$C8&$C$4,TableandCharts_RawData,14,FALSE)),"No data",VLOOKUP($C$3&$B8&$C8&$C$4,TableandCharts_RawData,14,FALSE)),"*") -> No data | L8: =IF(D8>=200,IF(ISERROR(VLOOKUP($C$3&$B8&$C8&$C$4,TableandCharts_RawData,15,FALSE)),"No data",VLOOKUP($C$3&$B8&$C8&$C$4,TableandCharts_RawData,15,FALSE)),"*") -> No data | M8: =IF(D8>=200,IF(ISERROR(VLOOKUP($C$3&$B8&$C8&$C$4,TableandCharts_RawData,16,FALSE)),"No data",VLOOKUP($C$3&$B8&$C8&$C$4,TableandCharts_RawData,16,FALSE)),"*") -> No data
B9: ='Select 10 table'!B17 -> Provider | C9: ='Select 10 table'!C17 -> UNIVERSITY HOSPITALS OF DERBY AND BURTON NHS FOUNDATION TRUST (RTG) | D9: =IF(ISERROR(VLOOKUP($C$3&$B9&$C9&$C$4,TableandCharts_RawData,7,FALSE)),"No data",VLOOKUP($C$3&$B9&$C9&$C$4,TableandCharts_RawData,7,FALSE)) -> No data | E9: =IF(ISERROR(VLOOKUP($C$3&$B9&$C9&$C$4,TableandCharts_RawData,8,FALSE)),"No data",VLOOKUP($C$3&$B9&$C9&$C$4,TableandCharts_RawData,8,FALSE)) -> No data | F9: =IF(ISERROR(VLOOKUP($C$3&$B9&$C9&$C$4,TableandCharts_RawData,9,FALSE)),"No data",VLOOKUP($C$3&$B9&$C9&$C$4,TableandCharts_RawData,9,FALSE)) -> No data | G9: =IF(ISERROR(VLOOKUP($C$3&$B9&$C9&$C$4,TableandCharts_RawData,10,FALSE)),"No data",VLOOKUP($C$3&$B9&$C9&$C$4,TableandCharts_RawData,10,FALSE)) -> No data | H9: =IF(ISERROR(VLOOKUP($C$3&$B9&$C9&$C$4,TableandCharts_RawData,11,FALSE)),"No data",IF(VLOOKUP($C$3&$B9&$C9&$C$4,TableandCharts_RawData,11,FALSE)="*","*",IF(OR(VLOOKUP($C$3&$B9&$C9&$C$4,TableandCharts_RawData,11,FALSE)=0,VLOOKUP($C$3&$B9&$C9&$C$4,TableandCharts_RawData,11,FALSE)="-"),"0"&CHAR(10)&"(0.0%)",TEXT(VLOOKUP($C$3&$B9&$C9&$C$4,TableandCharts_RawData,11,FALSE),"?,0")&CHAR(10)&" ("&TEXT(VLOOKUP($C$3&$B9&$C9&$C$4,TableandCharts_RawData,11,FALSE)/VLOOKUP($C$3&$B9&$C9&$C$4,TableandCharts_RawData,7,FALSE),"0.0%")&")"))) -> No data | I9: =IF(ISERROR(VLOOKUP($C$3&$B9&$C9&$C$4,TableandCharts_RawData,12,FALSE)),"No data",IF(VLOOKUP($C$3&$B9&$C9&$C$4,TableandCharts_RawData,12,FALSE)="*","*",IF(OR(VLOOKUP($C$3&$B9&$C9&$C$4,TableandCharts_RawData,12,FALSE)=0,VLOOKUP($C$3&$B9&$C9&$C$4,TableandCharts_RawData,12,FALSE)="-"),"0"&CHAR(10)&"(0.0%)",TEXT(VLOOKUP($C$3&$B9&$C9&$C$4,TableandCharts_RawData,12,FALSE),"?,0")&CHAR(10)&" ("&TEXT(VLOOKUP($C$3&$B9&$C9&$C$4,TableandCharts_RawData,12,FALSE)/VLOOKUP($C$3&$B9&$C9&$C$4,TableandCharts_RawData,7,FALSE),"0.0%")&")"))) -> No data | J9: =IF(ISERROR(VLOOKUP($C$3&$B9&$C9&$C$4,TableandCharts_RawData,13,FALSE)),"No data",IF(VLOOKUP($C$3&$B9&$C9&$C$4,TableandCharts_RawData,13,FALSE)="*","*",IF(OR(VLOOKUP($C$3&$B9&$C9&$C$4,TableandCharts_RawData,13,FALSE)=0,VLOOKUP($C$3&$B9&$C9&$C$4,TableandCharts_RawData,13,FALSE)="-"),"0"&CHAR(10)&"(0.0%)",TEXT(VLOOKUP($C$3&$B9&$C9&$C$4,TableandCharts_RawData,13,FALSE),"?,0")&CHAR(10)&" ("&TEXT(VLOOKUP($C$3&$B9&$C9&$C$4,TableandCharts_RawData,13,FALSE)/VLOOKUP($C$3&$B9&$C9&$C$4,TableandCharts_RawData,7,FALSE),"0.0%")&")"))) -> No data | K9: =IF(ISERROR(VLOOKUP($C$3&$B9&$C9&$C$4,TableandCharts_RawData,14,FALSE)),"No data",VLOOKUP($C$3&$B9&$C9&$C$4,TableandCharts_RawData,14,FALSE)) -> No data | L9: =IF(ISERROR(VLOOKUP($C$3&$B9&$C9&$C$4,TableandCharts_RawData,15,FALSE)),"No data",VLOOKUP($C$3&$B9&$C9&$C$4,TableandCharts_RawData,15,FALSE)) -> No data | M9: =IF(ISERROR(VLOOKUP($C$3&$B9&$C9&$C$4,TableandCharts_RawData,16,FALSE)),"No data",VLOOKUP($C$3&$B9&$C9&$C$4,TableandCharts_RawData,16,FALSE)) -> No data
B10: ='Select 10 table'!B18 -> CCG of GP Practice | C10: ='Select 10 table'!C18 -> NHS BARNSLEY CCG (02P) | D10: =IF(ISERROR(VLOOKUP($C$3&$B10&$C10&$C$4,TableandCharts_RawData,7,FALSE)),"No data",VLOOKUP($C$3&$B10&$C10&$C$4,TableandCharts_RawData,7,FALSE)) -> No data | E10: =IF(ISERROR(VLOOKUP($C$3&$B10&$C10&$C$4,TableandCharts_RawData,8,FALSE)),"No data",VLOOKUP($C$3&$B10&$C10&$C$4,TableandCharts_RawData,8,FALSE)) -> No data | F10: =IF(ISERROR(VLOOKUP($C$3&$B10&$C10&$C$4,TableandCharts_RawData,9,FALSE)),"No data",VLOOKUP($C$3&$B10&$C10&$C$4,TableandCharts_RawData,9,FALSE)) -> No data | G10: =IF(ISERROR(VLOOKUP($C$3&$B10&$C10&$C$4,TableandCharts_RawData,10,FALSE)),"No data",VLOOKUP($C$3&$B10&$C10&$C$4,TableandCharts_RawData,10,FALSE)) -> No data | H10: =IF(ISERROR(VLOOKUP($C$3&$B10&$C10&$C$4,TableandCharts_RawData,11,FALSE)),"No data",IF(VLOOKUP($C$3&$B10&$C10&$C$4,TableandCharts_RawData,11,FALSE)="*","*",IF(OR(VLOOKUP($C$3&$B10&$C10&$C$4,TableandCharts_RawData,11,FALSE)=0,VLOOKUP($C$3&$B10&$C10&$C$4,TableandCharts_RawData,11,FALSE)="-"),"0"&CHAR(10)&"(0.0%)",TEXT(VLOOKUP($C$3&$B10&$C10&$C$4,TableandCharts_RawData,11,FALSE),"?,0")&CHAR(10)&" ("&TEXT(VLOOKUP($C$3&$B10&$C10&$C$4,TableandCharts_RawData,11,FALSE)/VLOOKUP($C$3&$B10&$C10&$C$4,TableandCharts_RawData,7,FALSE),"0.0%")&")"))) -> No data | I10: =IF(ISERROR(VLOOKUP($C$3&$B10&$C10&$C$4,TableandCharts_RawData,12,FALSE)),"No data",IF(VLOOKUP($C$3&$B10&$C10&$C$4,TableandCharts_RawData,12,FALSE)="*","*",IF(OR(VLOOKUP($C$3&$B10&$C10&$C$4,TableandCharts_RawData,12,FALSE)=0,VLOOKUP($C$3&$B10&$C10&$C$4,TableandCharts_RawData,12,FALSE)="-"),"0"&CHAR(10)&"(0.0%)",TEXT(VLOOKUP($C$3&$B10&$C10&$C$4,TableandCharts_RawData,12,FALSE),"?,0")&CHAR(10)&" ("&TEXT(VLOOKUP($C$3&$B10&$C10&$C$4,TableandCharts_RawData,12,FALSE)/VLOOKUP($C$3&$B10&$C10&$C$4,TableandCharts_RawData,7,FALSE),"0.0%")&")"))) -> No data | J10: =IF(ISERROR(VLOOKUP($C$3&$B10&$C10&$C$4,TableandCharts_RawData,13,FALSE)),"No data",IF(VLOOKUP($C$3&$B10&$C10&$C$4,TableandCharts_RawData,13,FALSE)="*","*",IF(OR(VLOOKUP($C$3&$B10&$C10&$C$4,TableandCharts_RawData,13,FALSE)=0,VLOOKUP($C$3&$B10&$C10&$C$4,TableandCharts_RawData,13,FALSE)="-"),"0"&CHAR(10)&"(0.0%)",TEXT(VLOOKUP($C$3&$B10&$C10&$C$4,TableandCharts_RawData,13,FALSE),"?,0")&CHAR(10)&" ("&TEXT(VLOOKUP($C$3&$B10&$C10&$C$4,TableandCharts_RawData,13,FALSE)/VLOOKUP($C$3&$B10&$C10&$C$4,TableandCharts_RawData,7,FALSE),"0.0%")&")"))) -> No data | K10: =IF(ISERROR(VLOOKUP($C$3&$B10&$C10&$C$4,TableandCharts_RawData,14,FALSE)),"No data",VLOOKUP($C$3&$B10&$C10&$C$4,TableandCharts_RawData,14,FALSE)) -> No data | L10: =IF(ISERROR(VLOOKUP($C$3&$B10&$C10&$C$4,TableandCharts_RawData,15,FALSE)),"No data",VLOOKUP($C$3&$B10&$C10&$C$4,TableandCharts_RawData,15,FALSE)) -> No data | M10: =IF(ISERROR(VLOOKUP($C$3&$B10&$C10&$C$4,TableandCharts_RawData,16,FALSE)),"No data",VLOOKUP($C$3&$B10&$C10&$C$4,TableandCharts_RawData,16,FALSE)) -> No data
B11: ='Select 10 table'!B19 -> Provider | C11: ='Select 10 table'!C19 -> NORTH TEES AND HARTLEPOOL NHS FOUNDATION TRUST (RVW) | D11: =IF(ISERROR(VLOOKUP($C$3&$B11&$C11&$C$4,TableandCharts_RawData,7,FALSE)),"No data",VLOOKUP($C$3&$B11&$C11&$C$4,TableandCharts_RawData,7,FALSE)) -> No data | E11: =IF(ISERROR(VLOOKUP($C$3&$B11&$C11&$C$4,TableandCharts_RawData,8,FALSE)),"No data",VLOOKUP($C$3&$B11&$C11&$C$4,TableandCharts_RawData,8,FALSE)) -> No data | F11: =IF(ISERROR(VLOOKUP($C$3&$B11&$C11&$C$4,TableandCharts_RawData,9,FALSE)),"No data",VLOOKUP($C$3&$B11&$C11&$C$4,TableandCharts_RawData,9,FALSE)) -> No data | G11: =IF(ISERROR(VLOOKUP($C$3&$B11&$C11&$C$4,TableandCharts_RawData,10,FALSE)),"No data",VLOOKUP($C$3&$B11&$C11&$C$4,TableandCharts_RawData,10,FALSE)) -> No data | H11: =IF(ISERROR(VLOOKUP($C$3&$B11&$C11&$C$4,TableandCharts_RawData,11,FALSE)),"No data",IF(VLOOKUP($C$3&$B11&$C11&$C$4,TableandCharts_RawData,11,FALSE)="*","*",IF(OR(VLOOKUP($C$3&$B11&$C11&$C$4,TableandCharts_RawData,11,FALSE)=0,VLOOKUP($C$3&$B11&$C11&$C$4,TableandCharts_RawData,11,FALSE)="-"),"0"&CHAR(10)&"(0.0%)",TEXT(VLOOKUP($C$3&$B11&$C11&$C$4,TableandCharts_RawData,11,FALSE),"?,0")&CHAR(10)&" ("&TEXT(VLOOKUP($C$3&$B11&$C11&$C$4,TableandCharts_RawData,11,FALSE)/VLOOKUP($C$3&$B11&$C11&$C$4,TableandCharts_RawData,7,FALSE),"0.0%")&")"))) -> No data | I11: =IF(ISERROR(VLOOKUP($C$3&$B11&$C11&$C$4,TableandCharts_RawData,12,FALSE)),"No data",IF(VLOOKUP($C$3&$B11&$C11&$C$4,TableandCharts_RawData,12,FALSE)="*","*",IF(OR(VLOOKUP($C$3&$B11&$C11&$C$4,TableandCharts_RawData,12,FALSE)=0,VLOOKUP($C$3&$B11&$C11&$C$4,TableandCharts_RawData,12,FALSE)="-"),"0"&CHAR(10)&"(0.0%)",TEXT(VLOOKUP($C$3&$B11&$C11&$C$4,TableandCharts_RawData,12,FALSE),"?,0")&CHAR(10)&" ("&TEXT(VLOOKUP($C$3&$B11&$C11&$C$4,TableandCharts_RawData,12,FALSE)/VLOOKUP($C$3&$B11&$C11&$C$4,TableandCharts_RawData,7,FALSE),"0.0%")&")"))) -> No data | J11: =IF(ISERROR(VLOOKUP($C$3&$B11&$C11&$C$4,TableandCharts_RawData,13,FALSE)),"No data",IF(VLOOKUP($C$3&$B11&$C11&$C$4,TableandCharts_RawData,13,FALSE)="*","*",IF(OR(VLOOKUP($C$3&$B11&$C11&$C$4,TableandCharts_RawData,13,FALSE)=0,VLOOKUP($C$3&$B11&$C11&$C$4,TableandCharts_RawData,13,FALSE)="-"),"0"&CHAR(10)&"(0.0%)",TEXT(VLOOKUP($C$3&$B11&$C11&$C$4,TableandCharts_RawData,13,FALSE),"?,0")&CHAR(10)&" ("&TEXT(VLOOKUP($C$3&$B11&$C11&$C$4,TableandCharts_RawData,13,FALSE)/VLOOKUP($C$3&$B11&$C11&$C$4,TableandCharts_RawData,7,FALSE),"0.0%")&")"))) -> No data | K11: =IF(ISERROR(VLOOKUP($C$3&$B11&$C11&$C$4,TableandCharts_RawData,14,FALSE)),"No data",VLOOKUP($C$3&$B11&$C11&$C$4,TableandCharts_RawData,14,FALSE)) -> No data | L11: =IF(ISERROR(VLOOKUP($C$3&$B11&$C11&$C$4,TableandCharts_RawData,15,FALSE)),"No data",VLOOKUP($C$3&$B11&$C11&$C$4,TableandCharts_RawData,15,FALSE)) -> No data | M11: =IF(ISERROR(VLOOKUP($C$3&$B11&$C11&$C$4,TableandCharts_RawData,16,FALSE)),"No data",VLOOKUP($C$3&$B11&$C11&$C$4,TableandCharts_RawData,16,FALSE)) -> No data
B12: ='Select 10 table'!B20 -> CCG of GP Practice | C12: ='Select 10 table'!C20 -> NHS ASHFORD CCG (09C) | D12: =IF(ISERROR(VLOOKUP($C$3&$B12&$C12&$C$4,TableandCharts_RawData,7,FALSE)),"No data",VLOOKUP($C$3&$B12&$C12&$C$4,TableandCharts_RawData,7,FALSE)) -> No data | E12: =IF(ISERROR(VLOOKUP($C$3&$B12&$C12&$C$4,TableandCharts_RawData,8,FALSE)),"No data",VLOOKUP($C$3&$B12&$C12&$C$4,TableandCharts_RawData,8,FALSE)) -> No data | F12: =IF(ISERROR(VLOOKUP($C$3&$B12&$C12&$C$4,TableandCharts_RawData,9,FALSE)),"No data",VLOOKUP($C$3&$B12&$C12&$C$4,TableandCharts_RawData,9,FALSE)) -> No data | G12: =IF(ISERROR(VLOOKUP($C$3&$B12&$C12&$C$4,TableandCharts_RawData,10,FALSE)),"No data",VLOOKUP($C$3&$B12&$C12&$C$4,TableandCharts_RawData,10,FALSE)) -> No data | H12: =IF(ISERROR(VLOOKUP($C$3&$B12&$C12&$C$4,TableandCharts_RawData,11,FALSE)),"No data",IF(VLOOKUP($C$3&$B12&$C12&$C$4,TableandCharts_RawData,11,FALSE)="*","*",IF(OR(VLOOKUP($C$3&$B12&$C12&$C$4,TableandCharts_RawData,11,FALSE)=0,VLOOKUP($C$3&$B12&$C12&$C$4,TableandCharts_RawData,11,FALSE)="-"),"0"&CHAR(10)&"(0.0%)",TEXT(VLOOKUP($C$3&$B12&$C12&$C$4,TableandCharts_RawData,11,FALSE),"?,0")&CHAR(10)&" ("&TEXT(VLOOKUP($C$3&$B12&$C12&$C$4,TableandCharts_RawData,11,FALSE)/VLOOKUP($C$3&$B12&$C12&$C$4,TableandCharts_RawData,7,FALSE),"0.0%")&")"))) -> No data | I12: =IF(ISERROR(VLOOKUP($C$3&$B12&$C12&$C$4,TableandCharts_RawData,12,FALSE)),"No data",IF(VLOOKUP($C$3&$B12&$C12&$C$4,TableandCharts_RawData,12,FALSE)="*","*",IF(OR(VLOOKUP($C$3&$B12&$C12&$C$4,TableandCharts_RawData,12,FALSE)=0,VLOOKUP($C$3&$B12&$C12&$C$4,TableandCharts_RawData,12,FALSE)="-"),"0"&CHAR(10)&"(0.0%)",TEXT(VLOOKUP($C$3&$B12&$C12&$C$4,TableandCharts_RawData,12,FALSE),"?,0")&CHAR(10)&" ("&TEXT(VLOOKUP($C$3&$B12&$C12&$C$4,TableandCharts_RawData,12,FALSE)/VLOOKUP($C$3&$B12&$C12&$C$4,TableandCharts_RawData,7,FALSE),"0.0%")&")"))) -> No data | J12: =IF(ISERROR(VLOOKUP($C$3&$B12&$C12&$C$4,TableandCharts_RawData,13,FALSE)),"No data",IF(VLOOKUP($C$3&$B12&$C12&$C$4,TableandCharts_RawData,13,FALSE)="*","*",IF(OR(VLOOKUP($C$3&$B12&$C12&$C$4,TableandCharts_RawData,13,FALSE)=0,VLOOKUP($C$3&$B12&$C12&$C$4,TableandCharts_RawData,13,FALSE)="-"),"0"&CHAR(10)&"(0.0%)",TEXT(VLOOKUP($C$3&$B12&$C12&$C$4,TableandCharts_RawData,13,FALSE),"?,0")&CHAR(10)&" ("&TEXT(VLOOKUP($C$3&$B12&$C12&$C$4,TableandCharts_RawData,13,FALSE)/VLOOKUP($C$3&$B12&$C12&$C$4,TableandCharts_RawData,7,FALSE),"0.0%")&")"))) -> No data | K12: =IF(ISERROR(VLOOKUP($C$3&$B12&$C12&$C$4,TableandCharts_RawData,14,FALSE)),"No data",VLOOKUP($C$3&$B12&$C12&$C$4,TableandCharts_RawData,14,FALSE)) -> No data | L12: =IF(ISERROR(VLOOKUP($C$3&$B12&$C12&$C$4,TableandCharts_RawData,15,FALSE)),"No data",VLOOKUP($C$3&$B12&$C12&$C$4,TableandCharts_RawData,15,FALSE)) -> No data | M12: =IF(ISERROR(VLOOKUP($C$3&$B12&$C12&$C$4,TableandCharts_RawData,16,FALSE)),"No data",VLOOKUP($C$3&$B12&$C12&$C$4,TableandCharts_RawData,16,FALSE)) -> No data
B13: ='Select 10 table'!B21 -> Provider | C13: ='Select 10 table'!C21 -> AINTREE UNIVERSITY HOSPITAL NHS FOUNDATION TRUST (REM) | D13: =IF(ISERROR(VLOOKUP($C$3&$B13&$C13&$C$4,TableandCharts_RawData,7,FALSE)),"No data",VLOOKUP($C$3&$B13&$C13&$C$4,TableandCharts_RawData,7,FALSE)) -> No data | E13: =IF(ISERROR(VLOOKUP($C$3&$B13&$C13&$C$4,TableandCharts_RawData,8,FALSE)),"No data",VLOOKUP($C$3&$B13&$C13&$C$4,TableandCharts_RawData,8,FALSE)) -> No data | F13: =IF(ISERROR(VLOOKUP($C$3&$B13&$C13&$C$4,TableandCharts_RawData,9,FALSE)),"No data",VLOOKUP($C$3&$B13&$C13&$C$4,TableandCharts_RawData,9,FALSE)) -> No data | G13: =IF(ISERROR(VLOOKUP($C$3&$B13&$C13&$C$4,TableandCharts_RawData,10,FALSE)),"No data",VLOOKUP($C$3&$B13&$C13&$C$4,TableandCharts_RawData,10,FALSE)) -> No data | H13: =IF(ISERROR(VLOOKUP($C$3&$B13&$C13&$C$4,TableandCharts_RawData,11,FALSE)),"No data",IF(VLOOKUP($C$3&$B13&$C13&$C$4,TableandCharts_RawData,11,FALSE)="*","*",IF(OR(VLOOKUP($C$3&$B13&$C13&$C$4,TableandCharts_RawData,11,FALSE)=0,VLOOKUP($C$3&$B13&$C13&$C$4,TableandCharts_RawData,11,FALSE)="-"),"0"&CHAR(10)&"(0.0%)",TEXT(VLOOKUP($C$3&$B13&$C13&$C$4,TableandCharts_RawData,11,FALSE),"?,0")&CHAR(10)&" ("&TEXT(VLOOKUP($C$3&$B13&$C13&$C$4,TableandCharts_RawData,11,FALSE)/VLOOKUP($C$3&$B13&$C13&$C$4,TableandCharts_RawData,7,FALSE),"0.0%")&")"))) -> No data | I13: =IF(ISERROR(VLOOKUP($C$3&$B13&$C13&$C$4,TableandCharts_RawData,12,FALSE)),"No data",IF(VLOOKUP($C$3&$B13&$C13&$C$4,TableandCharts_RawData,12,FALSE)="*","*",IF(OR(VLOOKUP($C$3&$B13&$C13&$C$4,TableandCharts_RawData,12,FALSE)=0,VLOOKUP($C$3&$B13&$C13&$C$4,TableandCharts_RawData,12,FALSE)="-"),"0"&CHAR(10)&"(0.0%)",TEXT(VLOOKUP($C$3&$B13&$C13&$C$4,TableandCharts_RawData,12,FALSE),"?,0")&CHAR(10)&" ("&TEXT(VLOOKUP($C$3&$B13&$C13&$C$4,TableandCharts_RawData,12,FALSE)/VLOOKUP($C$3&$B13&$C13&$C$4,TableandCharts_RawData,7,FALSE),"0.0%")&")"))) -> No data | J13: =IF(ISERROR(VLOOKUP($C$3&$B13&$C13&$C$4,TableandCharts_RawData,13,FALSE)),"No data",IF(VLOOKUP($C$3&$B13&$C13&$C$4,TableandCharts_RawData,13,FALSE)="*","*",IF(OR(VLOOKUP($C$3&$B13&$C13&$C$4,TableandCharts_RawData,13,FALSE)=0,VLOOKUP($C$3&$B13&$C13&$C$4,TableandCharts_RawData,13,FALSE)="-"),"0"&CHAR(10)&"(0.0%)",TEXT(VLOOKUP($C$3&$B13&$C13&$C$4,TableandCharts_RawData,13,FALSE),"?,0")&CHAR(10)&" ("&TEXT(VLOOKUP($C$3&$B13&$C13&$C$4,TableandCharts_RawData,13,FALSE)/VLOOKUP($C$3&$B13&$C13&$C$4,TableandCharts_RawData,7,FALSE),"0.0%")&")"))) -> No data | K13: =IF(ISERROR(VLOOKUP($C$3&$B13&$C13&$C$4,TableandCharts_RawData,14,FALSE)),"No data",VLOOKUP($C$3&$B13&$C13&$C$4,TableandCharts_RawData,14,FALSE)) -> No data | L13: =IF(ISERROR(VLOOKUP($C$3&$B13&$C13&$C$4,TableandCharts_RawData,15,FALSE)),"No data",VLOOKUP($C$3&$B13&$C13&$C$4,TableandCharts_RawData,15,FALSE)) -> No data | M13: =IF(ISERROR(VLOOKUP($C$3&$B13&$C13&$C$4,TableandCharts_RawData,16,FALSE)),"No data",VLOOKUP($C$3&$B13&$C13&$C$4,TableandCharts_RawData,16,FALSE)) -> No data
B14: ='Select 10 table'!B22 -> CCG of GP Practice | C14: ='Select 10 table'!C22 -> NHS WOLVERHAMPTON CCG (06A) | D14: =IF(ISERROR(VLOOKUP($C$3&$B14&$C14&$C$4,TableandCharts_RawData,7,FALSE)),"No data",VLOOKUP($C$3&$B14&$C14&$C$4,TableandCharts_RawData,7,FALSE)) -> No data | E14: =IF(ISERROR(VLOOKUP($C$3&$B14&$C14&$C$4,TableandCharts_RawData,8,FALSE)),"No data",VLOOKUP($C$3&$B14&$C14&$C$4,TableandCharts_RawData,8,FALSE)) -> No data | F14: =IF(ISERROR(VLOOKUP($C$3&$B14&$C14&$C$4,TableandCharts_RawData,9,FALSE)),"No data",VLOOKUP($C$3&$B14&$C14&$C$4,TableandCharts_RawData,9,FALSE)) -> No data | G14: =IF(ISERROR(VLOOKUP($C$3&$B14&$C14&$C$4,TableandCharts_RawData,10,FALSE)),"No data",VLOOKUP($C$3&$B14&$C14&$C$4,TableandCharts_RawData,10,FALSE)) -> No data | H14: =IF(ISERROR(VLOOKUP($C$3&$B14&$C14&$C$4,TableandCharts_RawData,11,FALSE)),"No data",IF(VLOOKUP($C$3&$B14&$C14&$C$4,TableandCharts_RawData,11,FALSE)="*","*",IF(OR(VLOOKUP($C$3&$B14&$C14&$C$4,TableandCharts_RawData,11,FALSE)=0,VLOOKUP($C$3&$B14&$C14&$C$4,TableandCharts_RawData,11,FALSE)="-"),"0"&CHAR(10)&"(0.0%)",TEXT(VLOOKUP($C$3&$B14&$C14&$C$4,TableandCharts_RawData,11,FALSE),"?,0")&CHAR(10)&" ("&TEXT(VLOOKUP($C$3&$B14&$C14&$C$4,TableandCharts_RawData,11,FALSE)/VLOOKUP($C$3&$B14&$C14&$C$4,TableandCharts_RawData,7,FALSE),"0.0%")&")"))) -> No data | I14: =IF(ISERROR(VLOOKUP($C$3&$B14&$C14&$C$4,TableandCharts_RawData,12,FALSE)),"No data",IF(VLOOKUP($C$3&$B14&$C14&$C$4,TableandCharts_RawData,12,FALSE)="*","*",IF(OR(VLOOKUP($C$3&$B14&$C14&$C$4,TableandCharts_RawData,12,FALSE)=0,VLOOKUP($C$3&$B14&$C14&$C$4,TableandCharts_RawData,12,FALSE)="-"),"0"&CHAR(10)&"(0.0%)",TEXT(VLOOKUP($C$3&$B14&$C14&$C$4,TableandCharts_RawData,12,FALSE),"?,0")&CHAR(10)&" ("&TEXT(VLOOKUP($C$3&$B14&$C14&$C$4,TableandCharts_RawData,12,FALSE)/VLOOKUP($C$3&$B14&$C14&$C$4,TableandCharts_RawData,7,FALSE),"0.0%")&")"))) -> No data | J14: =IF(ISERROR(VLOOKUP($C$3&$B14&$C14&$C$4,TableandCharts_RawData,13,FALSE)),"No data",IF(VLOOKUP($C$3&$B14&$C14&$C$4,TableandCharts_RawData,13,FALSE)="*","*",IF(OR(VLOOKUP($C$3&$B14&$C14&$C$4,TableandCharts_RawData,13,FALSE)=0,VLOOKUP($C$3&$B14&$C14&$C$4,TableandCharts_RawData,13,FALSE)="-"),"0"&CHAR(10)&"(0.0%)",TEXT(VLOOKUP($C$3&$B14&$C14&$C$4,TableandCharts_RawData,13,FALSE),"?,0")&CHAR(10)&" ("&TEXT(VLOOKUP($C$3&$B14&$C14&$C$4,TableandCharts_RawData,13,FALSE)/VLOOKUP($C$3&$B14&$C14&$C$4,TableandCharts_RawData,7,FALSE),"0.0%")&")"))) -> No data | K14: =IF(ISERROR(VLOOKUP($C$3&$B14&$C14&$C$4,TableandCharts_RawData,14,FALSE)),"No data",VLOOKUP($C$3&$B14&$C14&$C$4,TableandCharts_RawData,14,FALSE)) -> No data | L14: =IF(ISERROR(VLOOKUP($C$3&$B14&$C14&$C$4,TableandCharts_RawData,15,FALSE)),"No data",VLOOKUP($C$3&$B14&$C14&$C$4,TableandCharts_RawData,15,FALSE)) -> No data | M14: =IF(ISERROR(VLOOKUP($C$3&$B14&$C14&$C$4,TableandCharts_RawData,16,FALSE)),"No data",VLOOKUP($C$3&$B14&$C14&$C$4,TableandCharts_RawData,16,FALSE)) -> No data
B15: ='Select 10 table'!B23 -> Provider | C15: ='Select 10 table'!C23 -> LEWISHAM AND GREENWICH NHS TRUST (RJ2) | D15: =IF(ISERROR(VLOOKUP($C$3&$B15&$C15&$C$4,TableandCharts_RawData,7,FALSE)),"No data",VLOOKUP($C$3&$B15&$C15&$C$4,TableandCharts_RawData,7,FALSE)) -> No data | E15: =IF(ISERROR(VLOOKUP($C$3&$B15&$C15&$C$4,TableandCharts_RawData,8,FALSE)),"No data",VLOOKUP($C$3&$B15&$C15&$C$4,TableandCharts_RawData,8,FALSE)) -> No data | F15: =IF(ISERROR(VLOOKUP($C$3&$B15&$C15&$C$4,TableandCharts_RawData,9,FALSE)),"No data",VLOOKUP($C$3&$B15&$C15&$C$4,TableandCharts_RawData,9,FALSE)) -> No data | G15: =IF(ISERROR(VLOOKUP($C$3&$B15&$C15&$C$4,TableandCharts_RawData,10,FALSE)),"No data",VLOOKUP($C$3&$B15&$C15&$C$4,TableandCharts_RawData,10,FALSE)) -> No data | H15: =IF(ISERROR(VLOOKUP($C$3&$B15&$C15&$C$4,TableandCharts_RawData,11,FALSE)),"No data",IF(VLOOKUP($C$3&$B15&$C15&$C$4,TableandCharts_RawData,11,FALSE)="*","*",IF(OR(VLOOKUP($C$3&$B15&$C15&$C$4,TableandCharts_RawData,11,FALSE)=0,VLOOKUP($C$3&$B15&$C15&$C$4,TableandCharts_RawData,11,FALSE)="-"),"0"&CHAR(10)&"(0.0%)",TEXT(VLOOKUP($C$3&$B15&$C15&$C$4,TableandCharts_RawData,11,FALSE),"?,0")&CHAR(10)&" ("&TEXT(VLOOKUP($C$3&$B15&$C15&$C$4,TableandCharts_RawData,11,FALSE)/VLOOKUP($C$3&$B15&$C15&$C$4,TableandCharts_RawData,7,FALSE),"0.0%")&")"))) -> No data | I15: =IF(ISERROR(VLOOKUP($C$3&$B15&$C15&$C$4,TableandCharts_RawData,12,FALSE)),"No data",IF(VLOOKUP($C$3&$B15&$C15&$C$4,TableandCharts_RawData,12,FALSE)="*","*",IF(OR(VLOOKUP($C$3&$B15&$C15&$C$4,TableandCharts_RawData,12,FALSE)=0,VLOOKUP($C$3&$B15&$C15&$C$4,TableandCharts_RawData,12,FALSE)="-"),"0"&CHAR(10)&"(0.0%)",TEXT(VLOOKUP($C$3&$B15&$C15&$C$4,TableandCharts_RawData,12,FALSE),"?,0")&CHAR(10)&" ("&TEXT(VLOOKUP($C$3&$B15&$C15&$C$4,TableandCharts_RawData,12,FALSE)/VLOOKUP($C$3&$B15&$C15&$C$4,TableandCharts_RawData,7,FALSE),"0.0%")&")"))) -> No data | J15: =IF(ISERROR(VLOOKUP($C$3&$B15&$C15&$C$4,TableandCharts_RawData,13,FALSE)),"No data",IF(VLOOKUP($C$3&$B15&$C15&$C$4,TableandCharts_RawData,13,FALSE)="*","*",IF(OR(VLOOKUP($C$3&$B15&$C15&$C$4,TableandCharts_RawData,13,FALSE)=0,VLOOKUP($C$3&$B15&$C15&$C$4,TableandCharts_RawData,13,FALSE)="-"),"0"&CHAR(10)&"(0.0%)",TEXT(VLOOKUP($C$3&$B15&$C15&$C$4,TableandCharts_RawData,13,FALSE),"?,0")&CHAR(10)&" ("&TEXT(VLOOKUP($C$3&$B15&$C15&$C$4,TableandCharts_RawData,13,FALSE)/VLOOKUP($C$3&$B15&$C15&$C$4,TableandCharts_RawData,7,FALSE),"0.0%")&")"))) -> No data | K15: =IF(ISERROR(VLOOKUP($C$3&$B15&$C15&$C$4,TableandCharts_RawData,14,FALSE)),"No data",VLOOKUP($C$3&$B15&$C15&$C$4,TableandCharts_RawData,14,FALSE)) -> No data | L15: =IF(ISERROR(VLOOKUP($C$3&$B15&$C15&$C$4,TableandCharts_RawData,15,FALSE)),"No data",VLOOKUP($C$3&$B15&$C15&$C$4,TableandCharts_RawData,15,FALSE)) -> No data | M15: =IF(ISERROR(VLOOKUP($C$3&$B15&$C15&$C$4,TableandCharts_RawData,16,FALSE)),"No data",VLOOKUP($C$3&$B15&$C15&$C$4,TableandCharts_RawData,16,FALSE)) -> No data
B16: ='Select 10 table'!B24 -> CCG of GP Practice | C16: ='Select 10 table'!C24 -> NHS DARLINGTON CCG (00C) | D16: =IF(ISERROR(VLOOKUP($C$3&$B16&$C16&$C$4,TableandCharts_RawData,7,FALSE)),"No data",VLOOKUP($C$3&$B16&$C16&$C$4,TableandCharts_RawData,7,FALSE)) -> No data | E16: =IF(ISERROR(VLOOKUP($C$3&$B16&$C16&$C$4,TableandCharts_RawData,8,FALSE)),"No data",VLOOKUP($C$3&$B16&$C16&$C$4,TableandCharts_RawData,8,FALSE)) -> No data | F16: =IF(ISERROR(VLOOKUP($C$3&$B16&$C16&$C$4,TableandCharts_RawData,9,FALSE)),"No data",VLOOKUP($C$3&$B16&$C16&$C$4,TableandCharts_RawData,9,FALSE)) -> No data | G16: =IF(ISERROR(VLOOKUP($C$3&$B16&$C16&$C$4,TableandCharts_RawData,10,FALSE)),"No data",VLOOKUP($C$3&$B16&$C16&$C$4,TableandCharts_RawData,10,FALSE)) -> No data | H16: =IF(ISERROR(VLOOKUP($C$3&$B16&$C16&$C$4,TableandCharts_RawData,11,FALSE)),"No data",IF(VLOOKUP($C$3&$B16&$C16&$C$4,TableandCharts_RawData,11,FALSE)="*","*",IF(OR(VLOOKUP($C$3&$B16&$C16&$C$4,TableandCharts_RawData,11,FALSE)=0,VLOOKUP($C$3&$B16&$C16&$C$4,TableandCharts_RawData,11,FALSE)="-"),"0"&CHAR(10)&"(0.0%)",TEXT(VLOOKUP($C$3&$B16&$C16&$C$4,TableandCharts_RawData,11,FALSE),"?,0")&CHAR(10)&" ("&TEXT(VLOOKUP($C$3&$B16&$C16&$C$4,TableandCharts_RawData,11,FALSE)/VLOOKUP($C$3&$B16&$C16&$C$4,TableandCharts_RawData,7,FALSE),"0.0%")&")"))) -> No data | I16: =IF(ISERROR(VLOOKUP($C$3&$B16&$C16&$C$4,TableandCharts_RawData,12,FALSE)),"No data",IF(VLOOKUP($C$3&$B16&$C16&$C$4,TableandCharts_RawData,12,FALSE)="*","*",IF(OR(VLOOKUP($C$3&$B16&$C16&$C$4,TableandCharts_RawData,12,FALSE)=0,VLOOKUP($C$3&$B16&$C16&$C$4,TableandCharts_RawData,12,FALSE)="-"),"0"&CHAR(10)&"(0.0%)",TEXT(VLOOKUP($C$3&$B16&$C16&$C$4,TableandCharts_RawData,12,FALSE),"?,0")&CHAR(10)&" ("&TEXT(VLOOKUP($C$3&$B16&$C16&$C$4,TableandCharts_RawData,12,FALSE)/VLOOKUP($C$3&$B16&$C16&$C$4,TableandCharts_RawData,7,FALSE),"0.0%")&")"))) -> No data | J16: =IF(ISERROR(VLOOKUP($C$3&$B16&$C16&$C$4,TableandCharts_RawData,13,FALSE)),"No data",IF(VLOOKUP($C$3&$B16&$C16&$C$4,TableandCharts_RawData,13,FALSE)="*","*",IF(OR(VLOOKUP($C$3&$B16&$C16&$C$4,TableandCharts_RawData,13,FALSE)=0,VLOOKUP($C$3&$B16&$C16&$C$4,TableandCharts_RawData,13,FALSE)="-"),"0"&CHAR(10)&"(0.0%)",TEXT(VLOOKUP($C$3&$B16&$C16&$C$4,TableandCharts_RawData,13,FALSE),"?,0")&CHAR(10)&" ("&TEXT(VLOOKUP($C$3&$B16&$C16&$C$4,TableandCharts_RawData,13,FALSE)/VLOOKUP($C$3&$B16&$C16&$C$4,TableandCharts_RawData,7,FALSE),"0.0%")&")"))) -> No data | K16: =IF(ISERROR(VLOOKUP($C$3&$B16&$C16&$C$4,TableandCharts_RawData,14,FALSE)),"No data",VLOOKUP($C$3&$B16&$C16&$C$4,TableandCharts_RawData,14,FALSE)) -> No data | L16: =IF(ISERROR(VLOOKUP($C$3&$B16&$C16&$C$4,TableandCharts_RawData,15,FALSE)),"No data",VLOOKUP($C$3&$B16&$C16&$C$4,TableandCharts_RawData,15,FALSE)) -> No data | M16: =IF(ISERROR(VLOOKUP($C$3&$B16&$C16&$C$4,TableandCharts_RawData,16,FALSE)),"No data",VLOOKUP($C$3&$B16&$C16&$C$4,TableandCharts_RawData,16,FALSE)) -> No data
B17: ='Select 10 table'!B25 -> Provider | C17: ='Select 10 table'!C25 -> YORK TEACHING HOSPITAL NHS FOUNDATION TRUST (RCB) | D17: =IF(ISERROR(VLOOKUP($C$3&$B17&$C17&$C$4,TableandCharts_RawData,7,FALSE)),"No data",VLOOKUP($C$3&$B17&$C17&$C$4,TableandCharts_RawData,7,FALSE)) -> No data | E17: =IF(ISERROR(VLOOKUP($C$3&$B17&$C17&$C$4,TableandCharts_RawData,8,FALSE)),"No data",VLOOKUP($C$3&$B17&$C17&$C$4,TableandCharts_RawData,8,FALSE)) -> No data | F17: =IF(ISERROR(VLOOKUP($C$3&$B17&$C17&$C$4,TableandCharts_RawData,9,FALSE)),"No data",VLOOKUP($C$3&$B17&$C17&$C$4,TableandCharts_RawData,9,FALSE)) -> No data | G17: =IF(ISERROR(VLOOKUP($C$3&$B17&$C17&$C$4,TableandCharts_RawData,10,FALSE)),"No data",VLOOKUP($C$3&$B17&$C17&$C$4,TableandCharts_RawData,10,FALSE)) -> No data | H17: =IF(ISERROR(VLOOKUP($C$3&$B17&$C17&$C$4,TableandCharts_RawData,11,FALSE)),"No data",IF(VLOOKUP($C$3&$B17&$C17&$C$4,TableandCharts_RawData,11,FALSE)="*","*",IF(OR(VLOOKUP($C$3&$B17&$C17&$C$4,TableandCharts_RawData,11,FALSE)=0,VLOOKUP($C$3&$B17&$C17&$C$4,TableandCharts_RawData,11,FALSE)="-"),"0"&CHAR(10)&"(0.0%)",TEXT(VLOOKUP($C$3&$B17&$C17&$C$4,TableandCharts_RawData,11,FALSE),"?,0")&CHAR(10)&" ("&TEXT(VLOOKUP($C$3&$B17&$C17&$C$4,TableandCharts_RawData,11,FALSE)/VLOOKUP($C$3&$B17&$C17&$C$4,TableandCharts_RawData,7,FALSE),"0.0%")&")"))) -> No data | I17: =IF(ISERROR(VLOOKUP($C$3&$B17&$C17&$C$4,TableandCharts_RawData,12,FALSE)),"No data",IF(VLOOKUP($C$3&$B17&$C17&$C$4,TableandCharts_RawData,12,FALSE)="*","*",IF(OR(VLOOKUP($C$3&$B17&$C17&$C$4,TableandCharts_RawData,12,FALSE)=0,VLOOKUP($C$3&$B17&$C17&$C$4,TableandCharts_RawData,12,FALSE)="-"),"0"&CHAR(10)&"(0.0%)",TEXT(VLOOKUP($C$3&$B17&$C17&$C$4,TableandCharts_RawData,12,FALSE),"?,0")&CHAR(10)&" ("&TEXT(VLOOKUP($C$3&$B17&$C17&$C$4,TableandCharts_RawData,12,FALSE)/VLOOKUP($C$3&$B17&$C17&$C$4,TableandCharts_RawData,7,FALSE),"0.0%")&")"))) -> No data | J17: =IF(ISERROR(VLOOKUP($C$3&$B17&$C17&$C$4,TableandCharts_RawData,13,FALSE)),"No data",IF(VLOOKUP($C$3&$B17&$C17&$C$4,TableandCharts_RawData,13,FALSE)="*","*",IF(OR(VLOOKUP($C$3&$B17&$C17&$C$4,TableandCharts_RawData,13,FALSE)=0,VLOOKUP($C$3&$B17&$C17&$C$4,TableandCharts_RawData,13,FALSE)="-"),"0"&CHAR(10)&"(0.0%)",TEXT(VLOOKUP($C$3&$B17&$C17&$C$4,TableandCharts_RawData,13,FALSE),"?,0")&CHAR(10)&" ("&TEXT(VLOOKUP($C$3&$B17&$C17&$C$4,TableandCharts_RawData,13,FALSE)/VLOOKUP($C$3&$B17&$C17&$C$4,TableandCharts_RawData,7,FALSE),"0.0%")&")"))) -> No data | K17: =IF(ISERROR(VLOOKUP($C$3&$B17&$C17&$C$4,TableandCharts_RawData,14,FALSE)),"No data",VLOOKUP($C$3&$B17&$C17&$C$4,TableandCharts_RawData,14,FALSE)) -> No data | L17: =IF(ISERROR(VLOOKUP($C$3&$B17&$C17&$C$4,TableandCharts_RawData,15,FALSE)),"No data",VLOOKUP($C$3&$B17&$C17&$C$4,TableandCharts_RawData,15,FALSE)) -> No data | M17: =IF(ISERROR(VLOOKUP($C$3&$B17&$C17&$C$4,TableandCharts_RawData,16,FALSE)),"No data",VLOOKUP($C$3&$B17&$C17&$C$4,TableandCharts_RawData,16,FALSE)) -> No data
B18: ='Select 10 table'!B26 -> CCG of GP Practice | C18: ='Select 10 table'!C26 -> NHS BEDFORDSHIRE CCG (06F) | D18: =IF(ISERROR(VLOOKUP($C$3&$B18&$C18&$C$4,TableandCharts_RawData,7,FALSE)),"No data",VLOOKUP($C$3&$B18&$C18&$C$4,TableandCharts_RawData,7,FALSE)) -> No data | E18: =IF(ISERROR(VLOOKUP($C$3&$B18&$C18&$C$4,TableandCharts_RawData,8,FALSE)),"No data",VLOOKUP($C$3&$B18&$C18&$C$4,TableandCharts_RawData,8,FALSE)) -> No data | F18: =IF(ISERROR(VLOOKUP($C$3&$B18&$C18&$C$4,TableandCharts_RawData,9,FALSE)),"No data",VLOOKUP($C$3&$B18&$C18&$C$4,TableandCharts_RawData,9,FALSE)) -> No data | G18: =IF(ISERROR(VLOOKUP($C$3&$B18&$C18&$C$4,TableandCharts_RawData,10,FALSE)),"No data",VLOOKUP($C$3&$B18&$C18&$C$4,TableandCharts_RawData,10,FALSE)) -> No data | H18: =IF(ISERROR(VLOOKUP($C$3&$B18&$C18&$C$4,TableandCharts_RawData,11,FALSE)),"No data",IF(VLOOKUP($C$3&$B18&$C18&$C$4,TableandCharts_RawData,11,FALSE)="*","*",IF(OR(VLOOKUP($C$3&$B18&$C18&$C$4,TableandCharts_RawData,11,FALSE)=0,VLOOKUP($C$3&$B18&$C18&$C$4,TableandCharts_RawData,11,FALSE)="-"),"0"&CHAR(10)&"(0.0%)",TEXT(VLOOKUP($C$3&$B18&$C18&$C$4,TableandCharts_RawData,11,FALSE),"?,0")&CHAR(10)&" ("&TEXT(VLOOKUP($C$3&$B18&$C18&$C$4,TableandCharts_RawData,11,FALSE)/VLOOKUP($C$3&$B18&$C18&$C$4,TableandCharts_RawData,7,FALSE),"0.0%")&")"))) -> No data | I18: =IF(ISERROR(VLOOKUP($C$3&$B18&$C18&$C$4,TableandCharts_RawData,12,FALSE)),"No data",IF(VLOOKUP($C$3&$B18&$C18&$C$4,TableandCharts_RawData,12,FALSE)="*","*",IF(OR(VLOOKUP($C$3&$B18&$C18&$C$4,TableandCharts_RawData,12,FALSE)=0,VLOOKUP($C$3&$B18&$C18&$C$4,TableandCharts_RawData,12,FALSE)="-"),"0"&CHAR(10)&"(0.0%)",TEXT(VLOOKUP($C$3&$B18&$C18&$C$4,TableandCharts_RawData,12,FALSE),"?,0")&CHAR(10)&" ("&TEXT(VLOOKUP($C$3&$B18&$C18&$C$4,TableandCharts_RawData,12,FALSE)/VLOOKUP($C$3&$B18&$C18&$C$4,TableandCharts_RawData,7,FALSE),"0.0%")&")"))) -> No data | J18: =IF(ISERROR(VLOOKUP($C$3&$B18&$C18&$C$4,TableandCharts_RawData,13,FALSE)),"No data",IF(VLOOKUP($C$3&$B18&$C18&$C$4,TableandCharts_RawData,13,FALSE)="*","*",IF(OR(VLOOKUP($C$3&$B18&$C18&$C$4,TableandCharts_RawData,13,FALSE)=0,VLOOKUP($C$3&$B18&$C18&$C$4,TableandCharts_RawData,13,FALSE)="-"),"0"&CHAR(10)&"(0.0%)",TEXT(VLOOKUP($C$3&$B18&$C18&$C$4,TableandCharts_RawData,13,FALSE),"?,0")&CHAR(10)&" ("&TEXT(VLOOKUP($C$3&$B18&$C18&$C$4,TableandCharts_RawData,13,FALSE)/VLOOKUP($C$3&$B18&$C18&$C$4,TableandCharts_RawData,7,FALSE),"0.0%")&")"))) -> No data | K18: =IF(ISERROR(VLOOKUP($C$3&$B18&$C18&$C$4,TableandCharts_RawData,14,FALSE)),"No data",VLOOKUP($C$3&$B18&$C18&$C$4,TableandCharts_RawData,14,FALSE)) -> No data | L18: =IF(ISERROR(VLOOKUP($C$3&$B18&$C18&$C$4,TableandCharts_RawData,15,FALSE)),"No data",VLOOKUP($C$3&$B18&$C18&$C$4,TableandCharts_RawData,15,FALSE)) -> No data | M18: =IF(ISERROR(VLOOKUP($C$3&$B18&$C18&$C$4,TableandCharts_RawData,16,FALSE)),"No data",VLOOKUP($C$3&$B18&$C18&$C$4,TableandCharts_RawData,16,FALSE)) -> No data

Sheet Funnel Lookup
B1: 1 | C1: 2 | D1: 3 | E1: 4 | F1: 5 | G1: 6 | H1: 7 | I1: 8 | J1: 9 | K1: 10 | L1: 11 | M1: 12 | N1: 13 | O1: 14 | P1: 15 | Q1: 16 | R1: 17
A2: Number | B2: Marker | C2: Concatenate | D2: Procedure group | E2: Organisation Type | F2: Organisation Code | G2: Organisation Name | H2: Measure | I2: Modelled records | J2: Average Q1 Score | K2: Average Q2 Score | L2: Health gain (Q2 average - Q1 average) | M2: Increase (Q2>Q1) | N2: Same (Q2=Q1) | O2: Decrease (Q2<Q1) | P2: Adjusted average Q2 score | Q2: Adjusted average health gain | R2: Standard Deviation | S2: X | T2: Y | U2: X2 | V2: Y2
A3: 1 | B3: =VLOOKUP($A3,Funnel_Data,B$1,FALSE) -> #N/A | C3: =VLOOKUP($A3,Funnel_Data,C$1,FALSE) -> #N/A | D3: =VLOOKUP($A3,Funnel_Data,D$1,FALSE) -> #N/A | E3: =VLOOKUP($A3,Funnel_Data,E$1,FALSE) -> #N/A | F3: =VLOOKUP($A3,Funnel_Data,F$1,FALSE) -> #N/A | G3: =VLOOKUP($A3,Funnel_Data,G$1,FALSE) -> #N/A | H3: =VLOOKUP($A3,Funnel_Data,H$1,FALSE) -> #N/A | I3: =VLOOKUP($A3,Funnel_Data,I$1,FALSE) -> #N/A | ... R3: =VLOOKUP($A3,Funnel_Data,R$1,FALSE) -> #N/A | S3: =IF($Q3="*",#N/A,IF($Q3="-",#N/A,I3)) -> #N/A | T3: =IF($Q3="*",#N/A,IF($Q3="-",#N/A,Q3)) -> #N/A | U3: =IF(AND($C3='Funnel setup'!$K$3&'Funnel setup'!$K$6&'Funnel setup'!$K$7&'Funnel setup'!$K$4,'Funnel Lookup'!I3="*",'Funnel Lookup'!I3="*"),#N/A,IF(AND($C3='Funnel setup'!$K$3&'Funnel setup'!$K$6&'Funnel setup'!$K$7&'Funnel setup'!$K$4,'Funnel Lookup'!I3>29,'Funnel Lookup'!I3<>"-"),'Funnel Lookup'!I3,#N/A)) -> #N/A | V3: =IF(AND($C3='Funnel setup'!$K$3&'Funnel setup'!$K$6&'Funnel setup'!$K$7&'Funnel setup'!$K$4,'Funnel Lookup'!I3="*",'Funnel Lookup'!I3="*"),#N/A,IF(AND($C3='Funnel setup'!$K$3&'Funnel setup'!$K$6&'Funnel setup'!$K$7&'Funnel setup'!$K$4,'Funnel Lookup'!I3>29,'Funnel Lookup'!I3<>"-"),'Funnel Lookup'!Q3,#N/A)) -> #N/A
A4: 2 | B4: =VLOOKUP($A4,Funnel_Data,B$1,FALSE) -> #N/A | C4: =VLOOKUP($A4,Funnel_Data,C$1,FALSE) -> #N/A | D4: =VLOOKUP($A4,Funnel_Data,D$1,FALSE) -> #N/A | E4: =VLOOKUP($A4,Funnel_Data,E$1,FALSE) -> #N/A | F4: =VLOOKUP($A4,Funnel_Data,F$1,FALSE) -> #N/A | G4: =VLOOKUP($A4,Funnel_Data,G$1,FALSE) -> #N/A | H4: =VLOOKUP($A4,Funnel_Data,H$1,FALSE) -> #N/A | I4: =VLOOKUP($A4,Funnel_Data,I$1,FALSE) -> #N/A | ... R4: =VLOOKUP($A4,Funnel_Data,R$1,FALSE) -> #N/A | S4: =IF($Q4="*",#N/A,IF($Q4="-",#N/A,I4)) -> #N/A | T4: =IF($Q4="*",#N/A,IF($Q4="-",#N/A,Q4)) -> #N/A | U4: =IF(AND($C4='Funnel setup'!$K$3&'Funnel setup'!$K$6&'Funnel setup'!$K$7&'Funnel setup'!$K$4,'Funnel Lookup'!I4="*",'Funnel Lookup'!I4="*"),#N/A,IF(AND($C4='Funnel setup'!$K$3&'Funnel setup'!$K$6&'Funnel setup'!$K$7&'Funnel setup'!$K$4,'Funnel Lookup'!I4>29,'Funnel Lookup'!I4<>"-"),'Funnel Lookup'!I4,#N/A)) -> #N/A | V4: =IF(AND($C4='Funnel setup'!$K$3&'Funnel setup'!$K$6&'Funnel setup'!$K$7&'Funnel setup'!$K$4,'Funnel Lookup'!I4="*",'Funnel Lookup'!I4="*"),#N/A,IF(AND($C4='Funnel setup'!$K$3&'Funnel setup'!$K$6&'Funnel setup'!$K$7&'Funnel setup'!$K$4,'Funnel Lookup'!I4>29,'Funnel Lookup'!I4<>"-"),'Funnel Lookup'!Q4,#N/A)) -> #N/A
A5: 3 | B5: =VLOOKUP($A5,Funnel_Data,B$1,FALSE) -> #N/A | C5: =VLOOKUP($A5,Funnel_Data,C$1,FALSE) -> #N/A | D5: =VLOOKUP($A5,Funnel_Data,D$1,FALSE) -> #N/A | E5: =VLOOKUP($A5,Funnel_Data,E$1,FALSE) -> #N/A | F5: =VLOOKUP($A5,Funnel_Data,F$1,FALSE) -> #N/A | G5: =VLOOKUP($A5,Funnel_Data,G$1,FALSE) -> #N/A | H5: =VLOOKUP($A5,Funnel_Data,H$1,FALSE) -> #N/A | I5: =VLOOKUP($A5,Funnel_Data,I$1,FALSE) -> #N/A | ... R5: =VLOOKUP($A5,Funnel_Data,R$1,FALSE) -> #N/A | S5: =IF($Q5="*",#N/A,IF($Q5="-",#N/A,I5)) -> #N/A | T5: =IF($Q5="*",#N/A,IF($Q5="-",#N/A,Q5)) -> #N/A | U5: =IF(AND($C5='Funnel setup'!$K$3&'Funnel setup'!$K$6&'Funnel setup'!$K$7&'Funnel setup'!$K$4,'Funnel Lookup'!I5="*",'Funnel Lookup'!I5="*"),#N/A,IF(AND($C5='Funnel setup'!$K$3&'Funnel setup'!$K$6&'Funnel setup'!$K$7&'Funnel setup'!$K$4,'Funnel Lookup'!I5>29,'Funnel Lookup'!I5<>"-"),'Funnel Lookup'!I5,#N/A)) -> #N/A | V5: =IF(AND($C5='Funnel setup'!$K$3&'Funnel setup'!$K$6&'Funnel setup'!$K$7&'Funnel setup'!$K$4,'Funnel Lookup'!I5="*",'Funnel Lookup'!I5="*"),#N/A,IF(AND($C5='Funnel setup'!$K$3&'Funnel setup'!$K$6&'Funnel setup'!$K$7&'Funnel setup'!$K$4,'Funnel Lookup'!I5>29,'Funnel Lookup'!I5<>"-"),'Funnel Lookup'!Q5,#N/A)) -> #N/A
A6: 4 | B6: =VLOOKUP($A6,Funnel_Data,B$1,FALSE) -> #N/A | C6: =VLOOKUP($A6,Funnel_Data,C$1,FALSE) -> #N/A | D6: =VLOOKUP($A6,Funnel_Data,D$1,FALSE) -> #N/A | E6: =VLOOKUP($A6,Funnel_Data,E$1,FALSE) -> #N/A | F6: =VLOOKUP($A6,Funnel_Data,F$1,FALSE) -> #N/A | G6: =VLOOKUP($A6,Funnel_Data,G$1,FALSE) -> #N/A | H6: =VLOOKUP($A6,Funnel_Data,H$1,FALSE) -> #N/A | I6: =VLOOKUP($A6,Funnel_Data,I$1,FALSE) -> #N/A | ... R6: =VLOOKUP($A6,Funnel_Data,R$1,FALSE) -> #N/A | S6: =IF($Q6="*",#N/A,IF($Q6="-",#N/A,I6)) -> #N/A | T6: =IF($Q6="*",#N/A,IF($Q6="-",#N/A,Q6)) -> #N/A | U6: =IF(AND($C6='Funnel setup'!$K$3&'Funnel setup'!$K$6&'Funnel setup'!$K$7&'Funnel setup'!$K$4,'Funnel Lookup'!I6="*",'Funnel Lookup'!I6="*"),#N/A,IF(AND($C6='Funnel setup'!$K$3&'Funnel setup'!$K$6&'Funnel setup'!$K$7&'Funnel setup'!$K$4,'Funnel Lookup'!I6>29,'Funnel Lookup'!I6<>"-"),'Funnel Lookup'!I6,#N/A)) -> #N/A | V6: =IF(AND($C6='Funnel setup'!$K$3&'Funnel setup'!$K$6&'Funnel setup'!$K$7&'Funnel setup'!$K$4,'Funnel Lookup'!I6="*",'Funnel Lookup'!I6="*"),#N/A,IF(AND($C6='Funnel setup'!$K$3&'Funnel setup'!$K$6&'Funnel setup'!$K$7&'Funnel setup'!$K$4,'Funnel Lookup'!I6>29,'Funnel Lookup'!I6<>"-"),'Funnel Lookup'!Q6,#N/A)) -> #N/A
A7: 5 | B7: =VLOOKUP($A7,Funnel_Data,B$1,FALSE) -> #N/A | C7: =VLOOKUP($A7,Funnel_Data,C$1,FALSE) -> #N/A | D7: =VLOOKUP($A7,Funnel_Data,D$1,FALSE) -> #N/A | E7: =VLOOKUP($A7,Funnel_Data,E$1,FALSE) -> #N/A | F7: =VLOOKUP($A7,Funnel_Data,F$1,FALSE) -> #N/A | G7: =VLOOKUP($A7,Funnel_Data,G$1,FALSE) -> #N/A | H7: =VLOOKUP($A7,Funnel_Data,H$1,FALSE) -> #N/A | I7: =VLOOKUP($A7,Funnel_Data,I$1,FALSE) -> #N/A | ... R7: =VLOOKUP($A7,Funnel_Data,R$1,FALSE) -> #N/A | S7: =IF($Q7="*",#N/A,IF($Q7="-",#N/A,I7)) -> #N/A | T7: =IF($Q7="*",#N/A,IF($Q7="-",#N/A,Q7)) -> #N/A | U7: =IF(AND($C7='Funnel setup'!$K$3&'Funnel setup'!$K$6&'Funnel setup'!$K$7&'Funnel setup'!$K$4,'Funnel Lookup'!I7="*",'Funnel Lookup'!I7="*"),#N/A,IF(AND($C7='Funnel setup'!$K$3&'Funnel setup'!$K$6&'Funnel setup'!$K$7&'Funnel setup'!$K$4,'Funnel Lookup'!I7>29,'Funnel Lookup'!I7<>"-"),'Funnel Lookup'!I7,#N/A)) -> #N/A | V7: =IF(AND($C7='Funnel setup'!$K$3&'Funnel setup'!$K$6&'Funnel setup'!$K$7&'Funnel setup'!$K$4,'Funnel Lookup'!I7="*",'Funnel Lookup'!I7="*"),#N/A,IF(AND($C7='Funnel setup'!$K$3&'Funnel setup'!$K$6&'Funnel setup'!$K$7&'Funnel setup'!$K$4,'Funnel Lookup'!I7>29,'Funnel Lookup'!I7<>"-"),'Funnel Lookup'!Q7,#N/A)) -> #N/A
A8: 6 | B8: =VLOOKUP($A8,Funnel_Data,B$1,FALSE) -> #N/A | C8: =VLOOKUP($A8,Funnel_Data,C$1,FALSE) -> #N/A | D8: =VLOOKUP($A8,Funnel_Data,D$1,FALSE) -> #N/A | E8: =VLOOKUP($A8,Funnel_Data,E$1,FALSE) -> #N/A | F8: =VLOOKUP($A8,Funnel_Data,F$1,FALSE) -> #N/A | G8: =VLOOKUP($A8,Funnel_Data,G$1,FALSE) -> #N/A | H8: =VLOOKUP($A8,Funnel_Data,H$1,FALSE) -> #N/A | I8: =VLOOKUP($A8,Funnel_Data,I$1,FALSE) -> #N/A | ... R8: =VLOOKUP($A8,Funnel_Data,R$1,FALSE) -> #N/A | S8: =IF($Q8="*",#N/A,IF($Q8="-",#N/A,I8)) -> #N/A | T8: =IF($Q8="*",#N/A,IF($Q8="-",#N/A,Q8)) -> #N/A | U8: =IF(AND($C8='Funnel setup'!$K$3&'Funnel setup'!$K$6&'Funnel setup'!$K$7&'Funnel setup'!$K$4,'Funnel Lookup'!I8="*",'Funnel Lookup'!I8="*"),#N/A,IF(AND($C8='Funnel setup'!$K$3&'Funnel setup'!$K$6&'Funnel setup'!$K$7&'Funnel setup'!$K$4,'Funnel Lookup'!I8>29,'Funnel Lookup'!I8<>"-"),'Funnel Lookup'!I8,#N/A)) -> #N/A | V8: =IF(AND($C8='Funnel setup'!$K$3&'Funnel setup'!$K$6&'Funnel setup'!$K$7&'Funnel setup'!$K$4,'Funnel Lookup'!I8="*",'Funnel Lookup'!I8="*"),#N/A,IF(AND($C8='Funnel setup'!$K$3&'Funnel setup'!$K$6&'Funnel setup'!$K$7&'Funnel setup'!$K$4,'Funnel Lookup'!I8>29,'Funnel Lookup'!I8<>"-"),'Funnel Lookup'!Q8,#N/A)) -> #N/A
A9: 7 | B9: =VLOOKUP($A9,Funnel_Data,B$1,FALSE) -> #N/A | C9: =VLOOKUP($A9,Funnel_Data,C$1,FALSE) -> #N/A | D9: =VLOOKUP($A9,Funnel_Data,D$1,FALSE) -> #N/A | E9: =VLOOKUP($A9,Funnel_Data,E$1,FALSE) -> #N/A | F9: =VLOOKUP($A9,Funnel_Data,F$1,FALSE) -> #N/A | G9: =VLOOKUP($A9,Funnel_Data,G$1,FALSE) -> #N/A | H9: =VLOOKUP($A9,Funnel_Data,H$1,FALSE) -> #N/A | I9: =VLOOKUP($A9,Funnel_Data,I$1,FALSE) -> #N/A | ... R9: =VLOOKUP($A9,Funnel_Data,R$1,FALSE) -> #N/A | S9: =IF($Q9="*",#N/A,IF($Q9="-",#N/A,I9)) -> #N/A | T9: =IF($Q9="*",#N/A,IF($Q9="-",#N/A,Q9)) -> #N/A | U9: =IF(AND($C9='Funnel setup'!$K$3&'Funnel setup'!$K$6&'Funnel setup'!$K$7&'Funnel setup'!$K$4,'Funnel Lookup'!I9="*",'Funnel Lookup'!I9="*"),#N/A,IF(AND($C9='Funnel setup'!$K$3&'Funnel setup'!$K$6&'Funnel setup'!$K$7&'Funnel setup'!$K$4,'Funnel Lookup'!I9>29,'Funnel Lookup'!I9<>"-"),'Funnel Lookup'!I9,#N/A)) -> #N/A | V9: =IF(AND($C9='Funnel setup'!$K$3&'Funnel setup'!$K$6&'Funnel setup'!$K$7&'Funnel setup'!$K$4,'Funnel Lookup'!I9="*",'Funnel Lookup'!I9="*"),#N/A,IF(AND($C9='Funnel setup'!$K$3&'Funnel setup'!$K$6&'Funnel setup'!$K$7&'Funnel setup'!$K$4,'Funnel Lookup'!I9>29,'Funnel Lookup'!I9<>"-"),'Funnel Lookup'!Q9,#N/A)) -> #N/A
A10: 8 | B10: =VLOOKUP($A10,Funnel_Data,B$1,FALSE) -> #N/A | C10: =VLOOKUP($A10,Funnel_Data,C$1,FALSE) -> #N/A | D10: =VLOOKUP($A10,Funnel_Data,D$1,FALSE) -> #N/A | E10: =VLOOKUP($A10,Funnel_Data,E$1,FALSE) -> #N/A | F10: =VLOOKUP($A10,Funnel_Data,F$1,FALSE) -> #N/A | G10: =VLOOKUP($A10,Funnel_Data,G$1,FALSE) -> #N/A | H10: =VLOOKUP($A10,Funnel_Data,H$1,FALSE) -> #N/A | I10: =VLOOKUP($A10,Funnel_Data,I$1,FALSE) -> #N/A | ... R10: =VLOOKUP($A10,Funnel_Data,R$1,FALSE) -> #N/A | S10: =IF($Q10="*",#N/A,IF($Q10="-",#N/A,I10)) -> #N/A | T10: =IF($Q10="*",#N/A,IF($Q10="-",#N/A,Q10)) -> #N/A | U10: =IF(AND($C10='Funnel setup'!$K$3&'Funnel setup'!$K$6&'Funnel setup'!$K$7&'Funnel setup'!$K$4,'Funnel Lookup'!I10="*",'Funnel Lookup'!I10="*"),#N/A,IF(AND($C10='Funnel setup'!$K$3&'Funnel setup'!$K$6&'Funnel setup'!$K$7&'Funnel setup'!$K$4,'Funnel Lookup'!I10>29,'Funnel Lookup'!I10<>"-"),'Funnel Lookup'!I10,#N/A)) -> #N/A | V10: =IF(AND($C10='Funnel setup'!$K$3&'Funnel setup'!$K$6&'Funnel setup'!$K$7&'Funnel setup'!$K$4,'Funnel Lookup'!I10="*",'Funnel Lookup'!I10="*"),#N/A,IF(AND($C10='Funnel setup'!$K$3&'Funnel setup'!$K$6&'Funnel setup'!$K$7&'Funnel setup'!$K$4,'Funnel Lookup'!I10>29,'Funnel Lookup'!I10<>"-"),'Funnel Lookup'!Q10,#N/A)) -> #N/A
A11: 9 | B11: =VLOOKUP($A11,Funnel_Data,B$1,FALSE) -> #N/A | C11: =VLOOKUP($A11,Funnel_Data,C$1,FALSE) -> #N/A | D11: =VLOOKUP($A11,Funnel_Data,D$1,FALSE) -> #N/A | E11: =VLOOKUP($A11,Funnel_Data,E$1,FALSE) -> #N/A | F11: =VLOOKUP($A11,Funnel_Data,F$1,FALSE) -> #N/A | G11: =VLOOKUP($A11,Funnel_Data,G$1,FALSE) -> #N/A | H11: =VLOOKUP($A11,Funnel_Data,H$1,FALSE) -> #N/A | I11: =VLOOKUP($A11,Funnel_Data,I$1,FALSE) -> #N/A | ... R11: =VLOOKUP($A11,Funnel_Data,R$1,FALSE) -> #N/A | S11: =IF($Q11="*",#N/A,IF($Q11="-",#N/A,I11)) -> #N/A | T11: =IF($Q11="*",#N/A,IF($Q11="-",#N/A,Q11)) -> #N/A | U11: =IF(AND($C11='Funnel setup'!$K$3&'Funnel setup'!$K$6&'Funnel setup'!$K$7&'Funnel setup'!$K$4,'Funnel Lookup'!I11="*",'Funnel Lookup'!I11="*"),#N/A,IF(AND($C11='Funnel setup'!$K$3&'Funnel setup'!$K$6&'Funnel setup'!$K$7&'Funnel setup'!$K$4,'Funnel Lookup'!I11>29,'Funnel Lookup'!I11<>"-"),'Funnel Lookup'!I11,#N/A)) -> #N/A | V11: =IF(AND($C11='Funnel setup'!$K$3&'Funnel setup'!$K$6&'Funnel setup'!$K$7&'Funnel setup'!$K$4,'Funnel Lookup'!I11="*",'Funnel Lookup'!I11="*"),#N/A,IF(AND($C11='Funnel setup'!$K$3&'Funnel setup'!$K$6&'Funnel setup'!$K$7&'Funnel setup'!$K$4,'Funnel Lookup'!I11>29,'Funnel Lookup'!I11<>"-"),'Funnel Lookup'!Q11,#N/A)) -> #N/A
A12: 10 | B12: =VLOOKUP($A12,Funnel_Data,B$1,FALSE) -> #N/A | C12: =VLOOKUP($A12,Funnel_Data,C$1,FALSE) -> #N/A | D12: =VLOOKUP($A12,Funnel_Data,D$1,FALSE) -> #N/A | E12: =VLOOKUP($A12,Funnel_Data,E$1,FALSE) -> #N/A | F12: =VLOOKUP($A12,Funnel_Data,F$1,FALSE) -> #N/A | G12: =VLOOKUP($A12,Funnel_Data,G$1,FALSE) -> #N/A | H12: =VLOOKUP($A12,Funnel_Data,H$1,FALSE) -> #N/A | I12: =VLOOKUP($A12,Funnel_Data,I$1,FALSE) -> #N/A | ... R12: =VLOOKUP($A12,Funnel_Data,R$1,FALSE) -> #N/A | S12: =IF($Q12="*",#N/A,IF($Q12="-",#N/A,I12)) -> #N/A | T12: =IF($Q12="*",#N/A,IF($Q12="-",#N/A,Q12)) -> #N/A | U12: =IF(AND($C12='Funnel setup'!$K$3&'Funnel setup'!$K$6&'Funnel setup'!$K$7&'Funnel setup'!$K$4,'Funnel Lookup'!I12="*",'Funnel Lookup'!I12="*"),#N/A,IF(AND($C12='Funnel setup'!$K$3&'Funnel setup'!$K$6&'Funnel setup'!$K$7&'Funnel setup'!$K$4,'Funnel Lookup'!I12>29,'Funnel Lookup'!I12<>"-"),'Funnel Lookup'!I12,#N/A)) -> #N/A | V12: =IF(AND($C12='Funnel setup'!$K$3&'Funnel setup'!$K$6&'Funnel setup'!$K$7&'Funnel setup'!$K$4,'Funnel Lookup'!I12="*",'Funnel Lookup'!I12="*"),#N/A,IF(AND($C12='Funnel setup'!$K$3&'Funnel setup'!$K$6&'Funnel setup'!$K$7&'Funnel setup'!$K$4,'Funnel Lookup'!I12>29,'Funnel Lookup'!I12<>"-"),'Funnel Lookup'!Q12,#N/A)) -> #N/A
A13: 11 | B13: =VLOOKUP($A13,Funnel_Data,B$1,FALSE) -> #N/A | C13: =VLOOKUP($A13,Funnel_Data,C$1,FALSE) -> #N/A | D13: =VLOOKUP($A13,Funnel_Data,D$1,FALSE) -> #N/A | E13: =VLOOKUP($A13,Funnel_Data,E$1,FALSE) -> #N/A | F13: =VLOOKUP($A13,Funnel_Data,F$1,FALSE) -> #N/A | G13: =VLOOKUP($A13,Funnel_Data,G$1,FALSE) -> #N/A | H13: =VLOOKUP($A13,Funnel_Data,H$1,FALSE) -> #N/A | I13: =VLOOKUP($A13,Funnel_Data,I$1,FALSE) -> #N/A | ... R13: =VLOOKUP($A13,Funnel_Data,R$1,FALSE) -> #N/A | S13: =IF($Q13="*",#N/A,IF($Q13="-",#N/A,I13)) -> #N/A | T13: =IF($Q13="*",#N/A,IF($Q13="-",#N/A,Q13)) -> #N/A | U13: =IF(AND($C13='Funnel setup'!$K$3&'Funnel setup'!$K$6&'Funnel setup'!$K$7&'Funnel setup'!$K$4,'Funnel Lookup'!I13="*",'Funnel Lookup'!I13="*"),#N/A,IF(AND($C13='Funnel setup'!$K$3&'Funnel setup'!$K$6&'Funnel setup'!$K$7&'Funnel setup'!$K$4,'Funnel Lookup'!I13>29,'Funnel Lookup'!I13<>"-"),'Funnel Lookup'!I13,#N/A)) -> #N/A | V13: =IF(AND($C13='Funnel setup'!$K$3&'Funnel setup'!$K$6&'Funnel setup'!$K$7&'Funnel setup'!$K$4,'Funnel Lookup'!I13="*",'Funnel Lookup'!I13="*"),#N/A,IF(AND($C13='Funnel setup'!$K$3&'Funnel setup'!$K$6&'Funnel setup'!$K$7&'Funnel setup'!$K$4,'Funnel Lookup'!I13>29,'Funnel Lookup'!I13<>"-"),'Funnel Lookup'!Q13,#N/A)) -> #N/A
A14: 12 | B14: =VLOOKUP($A14,Funnel_Data,B$1,FALSE) -> #N/A | C14: =VLOOKUP($A14,Funnel_Data,C$1,FALSE) -> #N/A | D14: =VLOOKUP($A14,Funnel_Data,D$1,FALSE) -> #N/A | E14: =VLOOKUP($A14,Funnel_Data,E$1,FALSE) -> #N/A | F14: =VLOOKUP($A14,Funnel_Data,F$1,FALSE) -> #N/A | G14: =VLOOKUP($A14,Funnel_Data,G$1,FALSE) -> #N/A | H14: =VLOOKUP($A14,Funnel_Data,H$1,FALSE) -> #N/A | I14: =VLOOKUP($A14,Funnel_Data,I$1,FALSE) -> #N/A | ... R14: =VLOOKUP($A14,Funnel_Data,R$1,FALSE) -> #N/A | S14: =IF($Q14="*",#N/A,IF($Q14="-",#N/A,I14)) -> #N/A | T14: =IF($Q14="*",#N/A,IF($Q14="-",#N/A,Q14)) -> #N/A | U14: =IF(AND($C14='Funnel setup'!$K$3&'Funnel setup'!$K$6&'Funnel setup'!$K$7&'Funnel setup'!$K$4,'Funnel Lookup'!I14="*",'Funnel Lookup'!I14="*"),#N/A,IF(AND($C14='Funnel setup'!$K$3&'Funnel setup'!$K$6&'Funnel setup'!$K$7&'Funnel setup'!$K$4,'Funnel Lookup'!I14>29,'Funnel Lookup'!I14<>"-"),'Funnel Lookup'!I14,#N/A)) -> #N/A | V14: =IF(AND($C14='Funnel setup'!$K$3&'Funnel setup'!$K$6&'Funnel setup'!$K$7&'Funnel setup'!$K$4,'Funnel Lookup'!I14="*",'Funnel Lookup'!I14="*"),#N/A,IF(AND($C14='Funnel setup'!$K$3&'Funnel setup'!$K$6&'Funnel setup'!$K$7&'Funnel setup'!$K$4,'Funnel Lookup'!I14>29,'Funnel Lookup'!I14<>"-"),'Funnel Lookup'!Q14,#N/A)) -> #N/A
... A402: 400 | B402: =VLOOKUP($A402,Funnel_Data,B$1,FALSE) -> #N/A | C402: =VLOOKUP($A402,Funnel_Data,C$1,FALSE) -> #N/A | D402: =VLOOKUP($A402,Funnel_Data,D$1,FALSE) -> #N/A | E402: =VLOOKUP($A402,Funnel_Data,E$1,FALSE) -> #N/A | F402: =VLOOKUP($A402,Funnel_Data,F$1,FALSE) -> #N/A | G402: =VLOOKUP($A402,Funnel_Data,G$1,FALSE) -> #N/A | H402: =VLOOKUP($A402,Funnel_Data,H$1,FALSE) -> #N/A | I402: =VLOOKUP($A402,Funnel_Data,I$1,FALSE) -> #N/A | ... R402: =VLOOKUP($A402,Funnel_Data,R$1,FALSE) -> #N/A | S402: =IF($Q402="*",#N/A,IF($Q402="-",#N/A,I402)) -> #N/A | T402: =IF($Q402="*",#N/A,IF($Q402="-",#N/A,Q402)) -> #N/A | U402: =IF(AND($C402='Funnel setup'!$K$3&'Funnel setup'!$K$6&'Funnel setup'!$K$7&'Funnel setup'!$K$4,'Funnel Lookup'!I402="*",'Funnel Lookup'!I402="*"),#N/A,IF(AND($C402='Funnel setup'!$K$3&'Funnel setup'!$K$6&'Funnel setup'!$K$7&'Funnel setup'!$K$4,'Funnel Lookup'!I402>29,'Funnel Lookup'!I402<>"-"),'Funnel Lookup'!I402,#N/A)) -> #N/A | V402: =IF(AND($C402='Funnel setup'!$K$3&'Funnel setup'!$K$6&'Funnel setup'!$K$7&'Funnel setup'!$K$4,'Funnel Lookup'!I402="*",'Funnel Lookup'!I402="*"),#N/A,IF(AND($C402='Funnel setup'!$K$3&'Funnel setup'!$K$6&'Funnel setup'!$K$7&'Funnel setup'!$K$4,'Funnel Lookup'!I402>29,'Funnel Lookup'!I402<>"-"),'Funnel Lookup'!Q402,#N/A)) -> #N/A

Sheet Title Sheet
B8: PROMs Score Comparison Tool
B9: =TEXT(Reference!B2,"mmmm yyyy") & " to " & TEXT(Reference!B3,"mmmm yyyy") & IF(Reference!B5=TRUE, ", provisional", ", finalised") & " data" -> January 1900 to January 1900, finalised data
B10: =TEXT("Published " & Reference!B4,"###") -> Published
B11: =Reference!B8 -> 0
B13: Introduction
B14: The PROMs Score Comparison Tool is an interactive spreadsheet that provides the ability to select data for specific hospital trusts, provides a range of summary statistics relating to PROMS data and enables comparisons to be made with other providers, clinical commissioning groups or national figures. All underlying data within the Score Comparison Tool can be found in the CSV data pack that accompanies this publication. Data sources: Hospital Episode Statistics (HES) / PROMs, NHS Digital.
B16: Contents
B17: To access data tables, select the table headings or tabs To return to contents click 'Return to contents' link at the top of each page
B19: Guide - Key Facts: A guide to using the Adjusted Health Gain Chart and Key Facts worksheets
B20: Adjusted Health Gain Chart: Figures showing the adjusted health gain by procedure and measure for England, provider level or CCG
B21: Key Facts: Participation and linkage scores for organisation selected on Adjusted Health Gain worksheet, excluding CCG level data
B23: Guide - Select 10 Table: A guide to using the Select 10 Table
B24: Select 10 Table: Select up to 10 organisations to see how they compare against each other
B26: Guide - Funnel Plot: A Guide to using the Funnel Plot and Funnel Data worksheets
B27: Funnel Plot
B28: Funnel Data
... B68: or email: psi@nationalarchives.gsi.gov.uk

Sheet Guide - Key Facts
L7: Return to contents
B9: Guide to the Adjusted Average Health Gain Charts and Key Facts
B11: This section provides an overview of top-level PROMs figures for a selected organisation, including the adjusted average health gain by procedure and measure following surgery, and patients' estimated rates of participation.
B13: The Adjusted Health Gain Charts and Key Facts worksheets present case-mix adjusted average health gain by procedure type and measure. These scores can be compared across organisations and against England-level figures.
B15: How to use
B16: Choose an organisation level (England, provider or commissioner) and an organisation name using the dropdown boxes. On the Adjusted Health Gain Chart worksheet, Figures 1-4 will show the adjusted average health gain by measure and procedure for the organisation selected and for England overall. Summary participation and coverage data for the selected organisation are also provided.
B18: Note: if the charts and tables do not update following your selections, you may have automatic recalculations turned off; please press F9 to update.
B20: The text and tables in the Key Facts worksheet show some further information, including some technical measures of data quality which may be of interest to provider and commissioner organisations.
R35: EQ-5D Index | S35: 0.775 | T35: 0.11 | U35: =T35-T35-T35 -> -0.11
B38: The Key Facts worksheet
B39: This worksheet displays some additional data for the organisation selected on the main Adjusted Health Gain charts, including some technical measures of data quality of interest to provider and commissioner organisations:
C41: ● participation rate: an approximation of the rate of participation in PROMs by the selected organisation's patients, being the number of pre-operative questionnaires returned as a percentage of eligible hospital inpatient procedures carried out by that organisation.
C42: ● linkage rate: percentage of PROMs questionnaires which have been successfully linked to records of hospital inpatient activty.
C43: ● post-operative issue rate: percentage of returned pre-operative questionnaires for which a post-operative questionnaire has been sent to the patient.
C44: ● post-operative response rate: percentage of issued post-operative questionnaires which have been returned.
B47: =HYPERLINK(Reference!B$11, Reference!A$11) -> Copyright © 2023, Health and Social Care Information Centre. The Health and Social Care Information Centre is a non-departmental body created by statute, also known as NHS Digital.

Sheet Adjusted Health Gain Chart
H5: Return to contents
B7: Key Facts
B8: ='Title Sheet'!B9 -> January 1900 to January 1900, finalised data
B10: Organisation level | D10: Organisation name
B11: Provider | D11: BARKING, HAVERING AND REDBRIDGE UNIVERSITY HOSPITALS NHS TRUST (RF4)
B13: England and Provider-level participation and coverage1
B14: =IF(OR(IFERROR(ProvCommData!$B$3,1)=1, ProvCommData!$B$6="CCG of GP Practice", (AND(B11="England",D11<"England")), (AND(ISNA(ProvCommData!$B$3),LEFT(ProvCommData!B8,7)<>RIGHT(ProvCommData!B8,7)))),"Participation and coverage data is not available for this organisation level and organisation.", IF(AND('Key Facts'!$C$16="*",'Key Facts'!$D$16="*"),"The number of eligible hospital episodes, pre-operative questionnaires and the participation rate have been suppressed due to small numbers. The England-level participation rate is "&ProvCommData!$E$40&".", IF(AND('Key Facts'!$C$16="*",'Key Facts'!$D$16<>"*"),"There were "&TEXT('Key Facts'!$D$16,"#,0")&" pre-operative questionnaires returned. The number of eligible hospital episodes and participation rate are suppressed due to small numbers. The England-level participation rate is "&ProvCommData!$E$40&".",IF('Key Facts'!$C$16=0,"There were no eligible hospital episodes and "&TEXT('Key Facts'!$D$16,"0,0")&" pre-operative questionnaires were returned - a headline participation rate of "&TEXT('Key Facts'!$E$15,"0.0%")&".",IF(AND('Key Facts'!$C$16<>"*",'Key Facts'!$D$16="*"),"There were "&TEXT('Key Facts'!$C$16,"#,0")&" eligible hospital episodes. The number of pre-operative questionnaires returned and participation rate are suppressed due to small numbers.","There were "&IF('Key Facts'!$C$16="No Data","no data for ",TEXT('Key Facts'!$C$16,"#,0"))&" eligible hospital episodes and "&IF('Key Facts'!$D$16="No Data","no data for",TEXT('Key Facts'!$D$16,"#,0"))&" pre-operative questionnaires returned"&IF('Key Facts'!$E$16="No data"," - (a headline participation rate of "&TEXT(ProvCommData!$E$40,"0.0%")&" in England)."," - a headline participation rate of "&TEXT('Key Facts'!$E$16,"0.0%")&IF(ProvCommData!$B$7="England",""," ("&TEXT(ProvCommData!$E$40,"0.0%")&" in England)."))))))) -> Participation and coverage data is not available for this organisation level and organisation.
B15: =IF(OR(ISERROR(ProvCommData!$B$3)=TRUE,ProvCommData!$B$6="CCG of GP Practice", (AND(B11="England",D11<"England")), (AND(ISNA(ProvCommData!$B$3),LEFT(ProvCommData!B8,7)<>RIGHT(ProvCommData!B8,7)))),"Participation and coverage data is not available for this organisation level and organisation.", IF(AND('Key Facts'!$K$16="*",'Key Facts'!$M$16="*"),"The number of post-operative questionnaires sent out and returned, and the response rate have been suppressed due to small numbers.",IF(AND('Key Facts'!$K$16="*",'Key Facts'!$M$16<>"*"),"There were "&TEXT('Key Facts'!$M$16,"#,0")&" post-operative questionnaires returned. The number of post-operative questionnaires sent out and the response rate are suppressed due to small numbers.",IF(AND('Key Facts'!$K$16<>"*",'Key Facts'!$M$16="*"),"There were "&TEXT('Key Facts'!$K$16,"#,0")&" post-operative questionnaires sent out. The number of post-operative questionnaires returned and the response rate are suppressed due to small numbers.",IF('Key Facts'!$C$16="No Data","There were no data for","Of the "&TEXT('Key Facts'!$K$16,"#,0"))&" post-operative questionnaires sent out, "&IF('Key Facts'!$M$16="No data","there is no data for number of returned questionnaires - a response rate of " &TEXT(ProvCommData!$G$47,"0.0%")&" in England).",TEXT('Key Facts'!$M$16,"#,0")&" have been returned - a response rate of "&TEXT('Key Facts'!$N$16,"0.0%")&IF(ProvCommData!B7="England",""," ("&TEXT(ProvCommData!$G$47,"0.0%")&" in England).")))))) -> Participation and coverage data is not available for this organisation level and organisation.
B17: Adjusted average health gain
F42: http://www.hscic.gov.uk/terms-and-conditions
B82: Please note that the graphs above use different scales on their x-axes, reflecting differences in the underlying measures: -- scores on the EQ-5DTM Index range from -0.594 (worst possible health) to 1.0 (full health) -- scores on the EQ-VAS range from 0 (worst) to 100 (best) -- scores on the Oxford Hip Score and the Oxford Knee Score range from 0 (worst) to 48 (best) The count of modelled records on which provider- or CCG- level findings are based is given in parentheses following the procedure: -- an asterisk (*) denotes a small number of records, the exact count having been suppressed -- a '0' indicates that there were no procedures of this type for the provider or CCG. The exact England-level score for the various measures sits at the centre of the filled circle that represents the England-level findings. England-level scores are reported only if there are 200 or more modelled records. Provider- or CCG-level adjusted average health gain can only be produced for a procedure where 30 or more modelled records exist.
B83: 1. Post-operative follow up questionnaires are issued 6 months following the procedure. This means that such follow up activities and subsequent returns for a number of procedures occurring in the latter half of 2019-20 period such as completion, return and processing will have occurred during a period where restrictions on movement and changes to behaviours could potentially have impacted upon response rate activity for this reporting period whereas this has not been a case in prior years.
B85: =HYPERLINK(Reference!B$11, Reference!A$11) -> Copyright © 2023, Health and Social Care Information Centre. The Health and Social Care Information Centre is a non-departmental body created by statute, also known as NHS Digital.

Sheet Key Facts
N5: Return to contents
B6: Key Facts
B7: ='Title Sheet'!B9 -> January 1900 to January 1900, finalised data
B9: ="Adjusted average health gain for "&IF('Adjusted Health Gain Chart'!B11="England",'Adjusted Health Gain Chart'!B11,'Adjusted Health Gain Chart'!B11&" - "&'Adjusted Health Gain Chart'!D11) -> Adjusted average health gain for Provider - BARKING, HAVERING AND REDBRIDGE UNIVERSITY HOSPITALS NHS TRUST (RF4)
B12: NOTE: Table 1 and Table 2 only display data at England and Provider level
B14: Table 1: Pre-operative participation and linkage | I14: Table 2: Post-operative issue and return
C15: Eligible hospital procedures | D15: Pre-operative questionnaires completed | E15: Participation Rate | F15: Pre-operative questionnaires linked | G15: Linkage Rate | J15: Pre-operative questionnaires completed | K15: Post-operative questionnaires sent out | L15: Issue Rate | M15: Post-operative questionnaires returned2 | N15: Response Rate
B16: All Procedures | C16: =IF(OR(ISERROR(ProvCommData!B3),AND('Adjusted Health Gain Chart'!B11="England",'Adjusted Health Gain Chart'!D11<>"England")),"No data",IF(OR(ProvCommData!B6=Reference!AA3,ProvCommData!B6=Reference!AA4,ProvCommData!B6=Reference!AA5),"No data",IF(ProvCommData!B6=Reference!AA2,VLOOKUP("England",Participation_Data,2,FALSE),IF(ISERROR(VLOOKUP(ProvCommData!B7,Participation_Data,2,FALSE)),"No data",VLOOKUP(ProvCommData!B7,Participation_Data,2,FALSE))))) -> No data | D16: =IF(OR(ISERROR(ProvCommData!B3),AND('Adjusted Health Gain Chart'!B11="England",'Adjusted Health Gain Chart'!D11<>"England")),"No data",IF(OR(ProvCommData!B6=Reference!AA3,ProvCommData!B6=Reference!AA4,ProvCommData!B6=Reference!AA5),"No data",IF(ProvCommData!B6=Reference!AA2,VLOOKUP("England",Participation_Data,3,FALSE),IF(ISERROR(VLOOKUP(ProvCommData!B7,Participation_Data,3,FALSE)),"No data",VLOOKUP(ProvCommData!B7,Participation_Data,3,FALSE))))) -> No data | E16: =IF(OR(ISERROR(ProvCommData!B3),AND('Adjusted Health Gain Chart'!B11="England",'Adjusted Health Gain Chart'!D11<>"England")),"No data",IF(OR(ProvCommData!B6=Reference!AA3,ProvCommData!B6=Reference!AA4,ProvCommData!B6=Reference!AA5),"No data",IF(ProvCommData!B6=Reference!AA2,VLOOKUP("England",Participation_Data,4,FALSE),IF(ISERROR(VLOOKUP(ProvCommData!B7,Participation_Data,4,FALSE)),"No data",VLOOKUP(ProvCommData!B7,Participation_Data,4,FALSE))))) -> No data | F16: =IF(OR(ISERROR(ProvCommData!B3),AND('Adjusted Health Gain Chart'!B11="England",'Adjusted Health Gain Chart'!D11<>"England")),"No data",IF(OR(ProvCommData!B6=Reference!AA3,ProvCommData!B6=Reference!AA4,ProvCommData!B6=Reference!AA5),"No data",IF(ProvCommData!B6=Reference!AA2,VLOOKUP("England",Participation_Data,5,FALSE),IF(ISERROR(VLOOKUP(ProvCommData!B7,Participation_Data,5,FALSE)),"No data",VLOOKUP(ProvCommData!B7,Participation_Data,5,FALSE))))) -> No data | G16: =IF(OR(ISERROR(ProvCommData!B3),AND('Adjusted Health Gain Chart'!B11="England",'Adjusted Health Gain Chart'!D11<>"England")),"No data",IF(OR(ProvCommData!B6=Reference!AA3,ProvCommData!B6=Reference!AA4,ProvCommData!B6=Reference!AA5),"No data",IF(ProvCommData!B6=Reference!AA2,VLOOKUP("England",Participation_Data,6,FALSE),IF(ISERROR(VLOOKUP(ProvCommData!B7,Participation_Data,6,FALSE)),"No data",VLOOKUP(ProvCommData!B7,Participation_Data,6,FALSE))))) -> No data | I16: All Procedures | J16: =IF(OR(ISERROR(ProvCommData!B3),AND('Adjusted Health Gain Chart'!B11="England",'Adjusted Health Gain Chart'!D11<>"England")),"No data",IF(OR(ProvCommData!B6=Reference!AA3,ProvCommData!B6=Reference!AA4,ProvCommData!B6=Reference!AA5),"No data",IF(ProvCommData!B6=Reference!AA2,VLOOKUP("England",Participation_Data,3,FALSE),IF(ISERROR(VLOOKUP(ProvCommData!B7,Participation_Data,3,FALSE)),"No data",VLOOKUP(ProvCommData!B7,Participation_Data,3,FALSE))))) -> No data | K16: =IF(OR(ISERROR(ProvCommData!B3),AND('Adjusted Health Gain Chart'!B11="England",'Adjusted Health Gain Chart'!D11<>"England")),"No data",IF(OR(ProvCommData!B6=Reference!AA3,ProvCommData!B6=Reference!AA4,ProvCommData!B6=Reference!AA5),"No data",IF(ProvCommData!B6=Reference!AA2,VLOOKUP("England",Participation_Data,7,FALSE),IF(ISERROR(VLOOKUP(ProvCommData!B7,Participation_Data,7,FALSE)),"No data",VLOOKUP(ProvCommData!B7,Participation_Data,7,FALSE))))) -> No data | L16: =IF(OR(ISERROR(ProvCommData!B3),AND('Adjusted Health Gain Chart'!B11="England",'Adjusted Health Gain Chart'!D11<>"England")),"No data",IF(OR(ProvCommData!B6=Reference!AA3,ProvCommData!B6=Reference!AA4,ProvCommData!B6=Reference!AA5),"No data",IF(ProvCommData!B6=Reference!AA2,VLOOKUP("England",Participation_Data,8,FALSE),IF(ISERROR(VLOOKUP(ProvCommData!B7,Participation_Data,8,FALSE)),"No data",VLOOKUP(ProvCommData!B7,Participation_Data,8,FALSE))))) -> No data | M16: =IF(OR(ISERROR(ProvCommData!B3),AND('Adjusted Health Gain Chart'!B11="England",'Adjusted Health Gain Chart'!D11<>"England")),"No data",IF(OR(ProvCommData!B6=Reference!AA3,ProvCommData!B6=Reference!AA4,ProvCommData!B6=Reference!AA5),"No data",IF(ProvCommData!B6=Reference!AA2,VLOOKUP("England",Participation_Data,9,FALSE),IF(ISERROR(VLOOKUP(ProvCommData!B7,Participation_Data,9,FALSE)),"No data",VLOOKUP(ProvCommData!B7,Participation_Data,9,FALSE))))) -> No data | N16: =IF(OR(ISERROR(ProvCommData!B3),AND('Adjusted Health Gain Chart'!B11="England",'Adjusted Health Gain Chart'!D11<>"England")),"No data",IF(OR(ProvCommData!B6=Reference!AA3,ProvCommData!B6=Reference!AA4,ProvCommData!B6=Reference!AA5),"No data",IF(ProvCommData!B6=Reference!AA2,VLOOKUP("England",Participation_Data,10,FALSE),IF(ISERROR(VLOOKUP(ProvCommData!B7,Participation_Data,10,FALSE)),"No data",VLOOKUP(ProvCommData!B7,Participation_Data,10,FALSE))))) -> No data
B18: Hip Replacement | C18: =IF(OR(ISERROR(ProvCommData!B3),AND('Adjusted Health Gain Chart'!B11="England",'Adjusted Health Gain Chart'!D11<>"England")),"No data",IF(OR(ProvCommData!B6=Reference!AA3,ProvCommData!B6=Reference!AA4,ProvCommData!B6=Reference!AA5),"No data",IF(ProvCommData!B6=Reference!AA2,VLOOKUP("England",Participation_Data,11,FALSE),IF(ISERROR(VLOOKUP(ProvCommData!B7,Participation_Data,11,FALSE)),"No data",VLOOKUP(ProvCommData!B7,Participation_Data,11,FALSE))))) -> No data | D18: =IF(OR(ISERROR(ProvCommData!B3),AND('Adjusted Health Gain Chart'!B11="England",'Adjusted Health Gain Chart'!D11<>"England")),"No data",IF(OR(ProvCommData!B6=Reference!AA3,ProvCommData!B6=Reference!AA4,ProvCommData!B6=Reference!AA5),"No data",IF(ProvCommData!B6=Reference!AA2,VLOOKUP("England",Participation_Data,12,FALSE),IF(ISERROR(VLOOKUP(ProvCommData!B7,Participation_Data,12,FALSE)),"No data",VLOOKUP(ProvCommData!B7,Participation_Data,12,FALSE))))) -> No data | E18: =IF(OR(ISERROR(ProvCommData!B3),AND('Adjusted Health Gain Chart'!B11="England",'Adjusted Health Gain Chart'!D11<>"England")),"No data",IF(OR(ProvCommData!B6=Reference!AA3,ProvCommData!B6=Reference!AA4,ProvCommData!B6=Reference!AA5),"No data",IF(ProvCommData!B6=Reference!AA2,VLOOKUP("England",Participation_Data,13,FALSE),IF(ISERROR(VLOOKUP(ProvCommData!B7,Participation_Data,13,FALSE)),"No data",VLOOKUP(ProvCommData!B7,Participation_Data,13,FALSE))))) -> No data | F18: =IF(OR(ISERROR(ProvCommData!B3),AND('Adjusted Health Gain Chart'!B11="England",'Adjusted Health Gain Chart'!D11<>"England")),"No data",IF(OR(ProvCommData!B6=Reference!AA3,ProvCommData!B6=Reference!AA4,ProvCommData!B6=Reference!AA5),"No data",IF(ProvCommData!B6=Reference!AA2,VLOOKUP("England",Participation_Data,14,FALSE),IF(ISERROR(VLOOKUP(ProvCommData!B7,Participation_Data,14,FALSE)),"No data",VLOOKUP(ProvCommData!B7,Participation_Data,14,FALSE))))) -> No data | G18: =IF(OR(ISERROR(ProvCommData!B3),AND('Adjusted Health Gain Chart'!B11="England",'Adjusted Health Gain Chart'!D11<>"England")),"No data",IF(OR(ProvCommData!B6=Reference!AA3,ProvCommData!B6=Reference!AA4,ProvCommData!B6=Reference!AA5),"No data",IF(ProvCommData!B6=Reference!AA2,VLOOKUP("England",Participation_Data,15,FALSE),IF(ISERROR(VLOOKUP(ProvCommData!B7,Participation_Data,15,FALSE)),"No data",VLOOKUP(ProvCommData!B7,Participation_Data,15,FALSE))))) -> No data | I18: Hip Replacement | J18: =IF(OR(ISERROR(ProvCommData!B3),AND('Adjusted Health Gain Chart'!B11="England",'Adjusted Health Gain Chart'!D11<>"England")),"No data",IF(OR(ProvCommData!B6=Reference!AA3,ProvCommData!B6=Reference!AA4,ProvCommData!B6=Reference!AA5),"No data",IF(ProvCommData!B6=Reference!AA2,VLOOKUP("England",Participation_Data,12,FALSE),IF(ISERROR(VLOOKUP(ProvCommData!B7,Participation_Data,12,FALSE)),"No data",VLOOKUP(ProvCommData!B7,Participation_Data,12,FALSE))))) -> No data | K18: =IF(OR(ISERROR(ProvCommData!B3),AND('Adjusted Health Gain Chart'!B11="England",'Adjusted Health Gain Chart'!D11<>"England")),"No data",IF(OR(ProvCommData!B6=Reference!AA3,ProvCommData!B6=Reference!AA4,ProvCommData!B6=Reference!AA5),"No data",IF(ProvCommData!B6=Reference!AA2,VLOOKUP("England",Participation_Data,16,FALSE),IF(ISERROR(VLOOKUP(ProvCommData!B7,Participation_Data,16,FALSE)),"No data",VLOOKUP(ProvCommData!B7,Participation_Data,16,FALSE))))) -> No data | L18: =IF(OR(ISERROR(ProvCommData!B3),AND('Adjusted Health Gain Chart'!B11="England",'Adjusted Health Gain Chart'!D11<>"England")),"No data",IF(OR(ProvCommData!B6=Reference!AA3,ProvCommData!B6=Reference!AA4,ProvCommData!B6=Reference!AA5),"No data",IF(ProvCommData!B6=Reference!AA2,VLOOKUP("England",Participation_Data,17,FALSE),IF(ISERROR(VLOOKUP(ProvCommData!B7,Participation_Data,17,FALSE)),"No data",VLOOKUP(ProvCommData!B7,Participation_Data,17,FALSE))))) -> No data | M18: =IF(OR(ISERROR(ProvCommData!B3),AND('Adjusted Health Gain Chart'!B11="England",'Adjusted Health Gain Chart'!D11<>"England")),"No data",IF(OR(ProvCommData!B6=Reference!AA3,ProvCommData!B6=Reference!AA4,ProvCommData!B6=Reference!AA5),"No data",IF(ProvCommData!B6=Reference!AA2,VLOOKUP("England",Participation_Data,18,FALSE),IF(ISERROR(VLOOKUP(ProvCommData!B7,Participation_Data,18,FALSE)),"No data",VLOOKUP(ProvCommData!B7,Participation_Data,18,FALSE))))) -> No data | N18: =IF(OR(ISERROR(ProvCommData!B3),AND('Adjusted Health Gain Chart'!B11="England",'Adjusted Health Gain Chart'!D11<>"England")),"No data",IF(OR(ProvCommData!B6=Reference!AA3,ProvCommData!B6=Reference!AA4,ProvCommData!B6=Reference!AA5),"No data",IF(ProvCommData!B6=Reference!AA2,VLOOKUP("England",Participation_Data,19,FALSE),IF(ISERROR(VLOOKUP(ProvCommData!B7,Participation_Data,19,FALSE)),"No data",VLOOKUP(ProvCommData!B7,Participation_Data,19,FALSE))))) -> No data
B19: of which1 | I19: of which*
B20: Primary | C20: =IF(OR(ISERROR(ProvCommData!B3),AND('Adjusted Health Gain Chart'!B11="England",'Adjusted Health Gain Chart'!D11<>"England")),"No data",IF(OR(ProvCommData!B6=Reference!AA5,ProvCommData!B6=Reference!AA3,ProvCommData!B6=Reference!AA4),"No data",IF(ProvCommData!B6=Reference!AA2,VLOOKUP("England",Participation_Data,20,FALSE),IF(ISERROR(VLOOKUP(ProvCommData!B7,Participation_Data,20,FALSE)),"No data",VLOOKUP(ProvCommData!B7,Participation_Data,20,FALSE))))) -> No data | D20: =IF(OR(ISERROR(ProvCommData!B3),AND('Adjusted Health Gain Chart'!B11="England",'Adjusted Health Gain Chart'!D11<>"England")),"No data",IF(OR(ProvCommData!B6=Reference!AA5,ProvCommData!B6=Reference!AA3,ProvCommData!B6=Reference!AA4),"No data",IF(ProvCommData!B6=Reference!AA2,VLOOKUP("England",Participation_Data,21,FALSE),IF(ISERROR(VLOOKUP(ProvCommData!B7,Participation_Data,21,FALSE)),"No data",VLOOKUP(ProvCommData!B7,Participation_Data,21,FALSE))))) -> No data | E20: =IF(OR(ISERROR(ProvCommData!B3),AND('Adjusted Health Gain Chart'!B11="England",'Adjusted Health Gain Chart'!D11<>"England")),"No data",IF(OR(ProvCommData!B6=Reference!AA5,ProvCommData!B6=Reference!AA3,ProvCommData!B6=Reference!AA4),"No data",IF(ProvCommData!B6=Reference!AA2,VLOOKUP("England",Participation_Data,22,FALSE),IF(ISERROR(VLOOKUP(ProvCommData!B7,Participation_Data,22,FALSE)),"No data",VLOOKUP(ProvCommData!B7,Participation_Data,22,FALSE))))) -> No data | F20: =IF(OR(ISERROR(ProvCommData!B3),AND('Adjusted Health Gain Chart'!B11="England",'Adjusted Health Gain Chart'!D11<>"England")),"No data",IF(OR(ProvCommData!B6=Reference!AA5,ProvCommData!B6=Reference!AA3,ProvCommData!B6=Reference!AA4),"No data",IF(ProvCommData!B6=Reference!AA2,VLOOKUP("England",Participation_Data,23,FALSE),IF(ISERROR(VLOOKUP(ProvCommData!B7,Participation_Data,23,FALSE)),"No data",VLOOKUP(ProvCommData!B7,Participation_Data,23,FALSE))))) -> No data | G20: =IF(OR(ISERROR(ProvCommData!B3),AND('Adjusted Health Gain Chart'!B11="England",'Adjusted Health Gain Chart'!D11<>"England")),"No data",IF(OR(ProvCommData!B6=Reference!AA5,ProvCommData!B6=Reference!AA3,ProvCommData!B6=Reference!AA4),"No data",IF(ProvCommData!B6=Reference!AA2,VLOOKUP("England",Participation_Data,24,FALSE),IF(ISERROR(VLOOKUP(ProvCommData!B7,Participation_Data,24,FALSE)),"No data",VLOOKUP(ProvCommData!B7,Participation_Data,24,FALSE))))) -> No data | I20: Primary | J20: =IF(OR(ISERROR(ProvCommData!B3),AND('Adjusted Health Gain Chart'!B11="England",'Adjusted Health Gain Chart'!D11<>"England")),"No data",IF(OR(ProvCommData!B6=Reference!AA5,ProvCommData!B6=Reference!AA3,ProvCommData!B6=Reference!AA4),"No data",IF(ProvCommData!B6=Reference!AA2,VLOOKUP("England",Participation_Data,21,FALSE),IF(ISERROR(VLOOKUP(ProvCommData!B7,Participation_Data,21,FALSE)),"No data",VLOOKUP(ProvCommData!B7,Participation_Data,21,FALSE))))) -> No data | K20: =IF(OR(ISERROR(ProvCommData!B3),AND('Adjusted Health Gain Chart'!B11="England",'Adjusted Health Gain Chart'!D11<>"England")),"No data",IF(OR(ProvCommData!B6=Reference!AA5,ProvCommData!B6=Reference!AA3,ProvCommData!B6=Reference!AA4),"No data",IF(ProvCommData!B6=Reference!AA2,VLOOKUP("England",Participation_Data,25,FALSE),IF(ISERROR(VLOOKUP(ProvCommData!B7,Participation_Data,25,FALSE)),"No data",VLOOKUP(ProvCommData!B7,Participation_Data,25,FALSE))))) -> No data | L20: =IF(OR(ISERROR(ProvCommData!B3),AND('Adjusted Health Gain Chart'!B11="England",'Adjusted Health Gain Chart'!D11<>"England")),"No data",IF(OR(ProvCommData!B6=Reference!AA5,ProvCommData!B6=Reference!AA3,ProvCommData!B6=Reference!AA4),"No data",IF(ProvCommData!B6=Reference!AA2,VLOOKUP("England",Participation_Data,26,FALSE),IF(ISERROR(VLOOKUP(ProvCommData!B7,Participation_Data,26,FALSE)),"No data",VLOOKUP(ProvCommData!B7,Participation_Data,26,FALSE))))) -> No data | M20: =IF(OR(ISERROR(ProvCommData!B3),AND('Adjusted Health Gain Chart'!B11="England",'Adjusted Health Gain Chart'!D11<>"England")),"No data",IF(OR(ProvCommData!B6=Reference!AA5,ProvCommData!B6=Reference!AA3,ProvCommData!B6=Reference!AA4),"No data",IF(ProvCommData!B6=Reference!AA2,VLOOKUP("England",Participation_Data,27,FALSE),IF(ISERROR(VLOOKUP(ProvCommData!B7,Participation_Data,27,FALSE)),"No data",VLOOKUP(ProvCommData!B7,Participation_Data,27,FALSE))))) -> No data | N20: =IF(OR(ISERROR(ProvCommData!B3),AND('Adjusted Health Gain Chart'!B11="England",'Adjusted Health Gain Chart'!D11<>"England")),"No data",IF(OR(ProvCommData!B6=Reference!AA5,ProvCommData!B6=Reference!AA3,ProvCommData!B6=Reference!AA4),"No data",IF(ProvCommData!B6=Reference!AA2,VLOOKUP("England",Participation_Data,28,FALSE),IF(ISERROR(VLOOKUP(ProvCommData!B7,Participation_Data,28,FALSE)),"No data",VLOOKUP(ProvCommData!B7,Participation_Data,28,FALSE))))) -> No data
B21: Revision | C21: =IF(OR(ISERROR(ProvCommData!B3),AND('Adjusted Health Gain Chart'!B11="England",'Adjusted Health Gain Chart'!D11<>"England")),"No data",IF(OR(ProvCommData!B6=Reference!AA3,ProvCommData!B6=Reference!AA4,ProvCommData!B6=Reference!AA5),"No data",IF(ProvCommData!B6=Reference!AA2,VLOOKUP("England",Participation_Data,29,FALSE),IF(ISERROR(VLOOKUP(ProvCommData!B7,Participation_Data,29,FALSE)),"No data",VLOOKUP(ProvCommData!B7,Participation_Data,29,FALSE))))) -> No data | D21: =IF(OR(ISERROR(ProvCommData!B3),AND('Adjusted Health Gain Chart'!B11="England",'Adjusted Health Gain Chart'!D11<>"England")),"No data",IF(OR(ProvCommData!B6=Reference!AA3,ProvCommData!B6=Reference!AA4,ProvCommData!B6=Reference!AA5),"No data",IF(ProvCommData!B6=Reference!AA2,VLOOKUP("England",Participation_Data,30,FALSE),IF(ISERROR(VLOOKUP(ProvCommData!B7,Participation_Data,30,FALSE)),"No data",VLOOKUP(ProvCommData!B7,Participation_Data,30,FALSE))))) -> No data | E21: =IF(OR(ISERROR(ProvCommData!B3),AND('Adjusted Health Gain Chart'!B11="England",'Adjusted Health Gain Chart'!D11<>"England")),"No data",IF(OR(ProvCommData!B6=Reference!AA3,ProvCommData!B6=Reference!AA4,ProvCommData!B6=Reference!AA5),"No data",IF(ProvCommData!B6=Reference!AA2,VLOOKUP("England",Participation_Data,31,FALSE),IF(ISERROR(VLOOKUP(ProvCommData!B7,Participation_Data,31,FALSE)),"No data",VLOOKUP(ProvCommData!B7,Participation_Data,31,FALSE))))) -> No data | F21: =IF(OR(ISERROR(ProvCommData!B3),AND('Adjusted Health Gain Chart'!B11="England",'Adjusted Health Gain Chart'!D11<>"England")),"No data",IF(OR(ProvCommData!B6=Reference!AA3,ProvCommData!B6=Reference!AA4,ProvCommData!B6=Reference!AA5),"No data",IF(ProvCommData!B6=Reference!AA2,VLOOKUP("England",Participation_Data,32,FALSE),IF(ISERROR(VLOOKUP(ProvCommData!B7,Participation_Data,32,FALSE)),"No data",VLOOKUP(ProvCommData!B7,Participation_Data,32,FALSE))))) -> No data | G21: =IF(OR(ISERROR(ProvCommData!B3),AND('Adjusted Health Gain Chart'!B11="England",'Adjusted Health Gain Chart'!D11<>"England")),"No data",IF(OR(ProvCommData!B6=Reference!AA3,ProvCommData!B6=Reference!AA4,ProvCommData!B6=Reference!AA5),"No data",IF(ProvCommData!B6=Reference!AA2,VLOOKUP("England",Participation_Data,33,FALSE),IF(ISERROR(VLOOKUP(ProvCommData!B7,Participation_Data,33,FALSE)),"No data",VLOOKUP(ProvCommData!B7,Participation_Data,33,FALSE))))) -> No data | I21: Revision | J21: =IF(OR(ISERROR(ProvCommData!B3),AND('Adjusted Health Gain Chart'!B11="England",'Adjusted Health Gain Chart'!D11<>"England")),"No data",IF(OR(ProvCommData!B6=Reference!AA3,ProvCommData!B6=Reference!AA4,ProvCommData!B6=Reference!AA5),"No data",IF(ProvCommData!B6=Reference!AA2,VLOOKUP("England",Participation_Data,30,FALSE),IF(ISERROR(VLOOKUP(ProvCommData!B7,Participation_Data,30,FALSE)),"No data",VLOOKUP(ProvCommData!B7,Participation_Data,30,FALSE))))) -> No data | K21: =IF(OR(ISERROR(ProvCommData!B3),AND('Adjusted Health Gain Chart'!B11="England",'Adjusted Health Gain Chart'!D11<>"England")),"No data",IF(OR(ProvCommData!B6=Reference!AA3,ProvCommData!B6=Reference!AA4,ProvCommData!B6=Reference!AA5),"No data",IF(ProvCommData!B6=Reference!AA2,VLOOKUP("England",Participation_Data,34,FALSE),IF(ISERROR(VLOOKUP(ProvCommData!B7,Participation_Data,34,FALSE)),"No data",VLOOKUP(ProvCommData!B7,Participation_Data,34,FALSE))))) -> No data | L21: =IF(OR(ISERROR(ProvCommData!B3),AND('Adjusted Health Gain Chart'!B11="England",'Adjusted Health Gain Chart'!D11<>"England")),"No data",IF(OR(ProvCommData!B6=Reference!AA3,ProvCommData!B6=Reference!AA4,ProvCommData!B6=Reference!AA5),"No data",IF(ProvCommData!B6=Reference!AA2,VLOOKUP("England",Participation_Data,35,FALSE),IF(ISERROR(VLOOKUP(ProvCommData!B7,Participation_Data,35,FALSE)),"No data",VLOOKUP(ProvCommData!B7,Participation_Data,35,FALSE))))) -> No data | M21: =IF(OR(ISERROR(ProvCommData!B3),AND('Adjusted Health Gain Chart'!B11="England",'Adjusted Health Gain Chart'!D11<>"England")),"No data",IF(OR(ProvCommData!B6=Reference!AA3,ProvCommData!B6=Reference!AA4,ProvCommData!B6=Reference!AA5),"No data",IF(ProvCommData!B6=Reference!AA2,VLOOKUP("England",Participation_Data,36,FALSE),IF(ISERROR(VLOOKUP(ProvCommData!B7,Participation_Data,36,FALSE)),"No data",VLOOKUP(ProvCommData!B7,Participation_Data,36,FALSE))))) -> No data | N21: =IF(OR(ISERROR(ProvCommData!B3),AND('Adjusted Health Gain Chart'!B11="England",'Adjusted Health Gain Chart'!D11<>"England")),"No data",IF(OR(ProvCommData!B6=Reference!AA3,ProvCommData!B6=Reference!AA4,ProvCommData!B6=Reference!AA5),"No data",IF(ProvCommData!B6=Reference!AA2,VLOOKUP("England",Participation_Data,37,FALSE),IF(ISERROR(VLOOKUP(ProvCommData!B7,Participation_Data,37,FALSE)),"No data",VLOOKUP(ProvCommData!B7,Participation_Data,37,FALSE))))) -> No data
B23: Knee Replacement | C23: =IF(OR(ISERROR(ProvCommData!B3),AND('Adjusted Health Gain Chart'!B11="England",'Adjusted Health Gain Chart'!D11<>"England")),"No data",IF(OR(ProvCommData!B6=Reference!AA3,ProvCommData!B6=Reference!AA4,ProvCommData!B6=Reference!AA3),"No data",IF(ProvCommData!B6=Reference!AA2,VLOOKUP("England",Participation_Data,38,FALSE),IF(ISERROR(VLOOKUP(ProvCommData!B7,Participation_Data,38,FALSE)),"No data",VLOOKUP(ProvCommData!B7,Participation_Data,38,FALSE))))) -> No data | D23: =IF(OR(ISERROR(ProvCommData!B3),AND('Adjusted Health Gain Chart'!B11="England",'Adjusted Health Gain Chart'!D11<>"England")),"No data",IF(OR(ProvCommData!B6=Reference!AA3,ProvCommData!B6=Reference!AA4,ProvCommData!B6=Reference!AA3),"No data",IF(ProvCommData!B6=Reference!AA2,VLOOKUP("England",Participation_Data,39,FALSE),IF(ISERROR(VLOOKUP(ProvCommData!B7,Participation_Data,39,FALSE)),"No data",VLOOKUP(ProvCommData!B7,Participation_Data,39,FALSE))))) -> No data | E23: =IF(OR(ISERROR(ProvCommData!B3),AND('Adjusted Health Gain Chart'!B11="England",'Adjusted Health Gain Chart'!D11<>"England")),"No data",IF(OR(ProvCommData!B6=Reference!AA3,ProvCommData!B6=Reference!AA4,ProvCommData!B6=Reference!AA3),"No data",IF(ProvCommData!B6=Reference!AA2,VLOOKUP("England",Participation_Data,40,FALSE),IF(ISERROR(VLOOKUP(ProvCommData!B7,Participation_Data,40,FALSE)),"No data",VLOOKUP(ProvCommData!B7,Participation_Data,40,FALSE))))) -> No data | F23: =IF(OR(ISERROR(ProvCommData!B3),AND('Adjusted Health Gain Chart'!B11="England",'Adjusted Health Gain Chart'!D11<>"England")),"No data",IF(OR(ProvCommData!B6=Reference!AA3,ProvCommData!B6=Reference!AA4,ProvCommData!B6=Reference!AA3),"No data",IF(ProvCommData!B6=Reference!AA2,VLOOKUP("England",Participation_Data,41,FALSE),IF(ISERROR(VLOOKUP(ProvCommData!B7,Participation_Data,41,FALSE)),"No data",VLOOKUP(ProvCommData!B7,Participation_Data,41,FALSE))))) -> No data | G23: =IF(OR(ISERROR(ProvCommData!B3),AND('Adjusted Health Gain Chart'!B11="England",'Adjusted Health Gain Chart'!D11<>"England")),"No data",IF(OR(ProvCommData!B6=Reference!AA3,ProvCommData!B6=Reference!AA4,ProvCommData!B6=Reference!AA3),"No data",IF(ProvCommData!B6=Reference!AA2,VLOOKUP("England",Participation_Data,42,FALSE),IF(ISERROR(VLOOKUP(ProvCommData!B7,Participation_Data,42,FALSE)),"No data",VLOOKUP(ProvCommData!B7,Participation_Data,42,FALSE))))) -> No data | I23: Knee Replacement | J23: =IF(OR(ISERROR(ProvCommData!B3),AND('Adjusted Health Gain Chart'!B11="England",'Adjusted Health Gain Chart'!D11<>"England")),"No data",IF(OR(ProvCommData!B6=Reference!AA3,ProvCommData!B6=Reference!AA4,ProvCommData!B6=Reference!AA3),"No data",IF(ProvCommData!B6=Reference!AA2,VLOOKUP("England",Participation_Data,39,FALSE),IF(ISERROR(VLOOKUP(ProvCommData!B7,Participation_Data,39,FALSE)),"No data",VLOOKUP(ProvCommData!B7,Participation_Data,39,FALSE))))) -> No data | K23: =IF(OR(ISERROR(ProvCommData!B3),AND('Adjusted Health Gain Chart'!B11="England",'Adjusted Health Gain Chart'!D11<>"England")),"No data",IF(OR(ProvCommData!B6=Reference!AA3,ProvCommData!B6=Reference!AA4,ProvCommData!B6=Reference!AA3),"No data",IF(ProvCommData!B6=Reference!AA2,VLOOKUP("England",Participation_Data,43,FALSE),IF(ISERROR(VLOOKUP(ProvCommData!B7,Participation_Data,43,FALSE)),"No data",VLOOKUP(ProvCommData!B7,Participation_Data,43,FALSE))))) -> No data | L23: =IF(OR(ISERROR(ProvCommData!B3),AND('Adjusted Health Gain Chart'!B11="England",'Adjusted Health Gain Chart'!D11<>"England")),"No data",IF(OR(ProvCommData!B6=Reference!AA3,ProvCommData!B6=Reference!AA4,ProvCommData!B6=Reference!AA3),"No data",IF(ProvCommData!B6=Reference!AA2,VLOOKUP("England",Participation_Data,44,FALSE),IF(ISERROR(VLOOKUP(ProvCommData!B7,Participation_Data,44,FALSE)),"No data",VLOOKUP(ProvCommData!B7,Participation_Data,44,FALSE))))) -> No data | M23: =IF(OR(ISERROR(ProvCommData!B3),AND('Adjusted Health Gain Chart'!B11="England",'Adjusted Health Gain Chart'!D11<>"England")),"No data",IF(OR(ProvCommData!B6=Reference!AA3,ProvCommData!B6=Reference!AA4,ProvCommData!B6=Reference!AA3),"No data",IF(ProvCommData!B6=Reference!AA2,VLOOKUP("England",Participation_Data,45,FALSE),IF(ISERROR(VLOOKUP(ProvCommData!B7,Participation_Data,45,FALSE)),"No data",VLOOKUP(ProvCommData!B7,Participation_Data,45,FALSE))))) -> No data | N23: =IF(OR(ISERROR(ProvCommData!B3),AND('Adjusted Health Gain Chart'!B11="England",'Adjusted Health Gain Chart'!D11<>"England")),"No data",IF(OR(ProvCommData!B6=Reference!AA3,ProvCommData!B6=Reference!AA4,ProvCommData!B6=Reference!AA3),"No data",IF(ProvCommData!B6=Reference!AA2,VLOOKUP("England",Participation_Data,46,FALSE),IF(ISERROR(VLOOKUP(ProvCommData!B7,Participation_Data,46,FALSE)),"No data",VLOOKUP(ProvCommData!B7,Participation_Data,46,FALSE))))) -> No data
B24: of which1 | I24: of which*
B25: Primary | C25: =IF(OR(ISERROR(ProvCommData!B3),AND('Adjusted Health Gain Chart'!B11="England",'Adjusted Health Gain Chart'!D11<>"England")),"No data",IF(OR(ProvCommData!B6=Reference!AA3,ProvCommData!B6=Reference!AA5,ProvCommData!B6=Reference!AA4),"No data",IF(ProvCommData!B6=Reference!AA2,VLOOKUP("England",Participation_Data,47,FALSE),IF(ISERROR(VLOOKUP(ProvCommData!B7,Participation_Data,47,FALSE)),"No data",VLOOKUP(ProvCommData!B7,Participation_Data,47,FALSE))))) -> No data | D25: =IF(OR(ISERROR(ProvCommData!B3),AND('Adjusted Health Gain Chart'!B11="England",'Adjusted Health Gain Chart'!D11<>"England")),"No data",IF(OR(ProvCommData!B6=Reference!AA3,ProvCommData!B6=Reference!AA5,ProvCommData!B6=Reference!AA4),"No data",IF(ProvCommData!B6=Reference!AA2,VLOOKUP("England",Participation_Data,48,FALSE),IF(ISERROR(VLOOKUP(ProvCommData!B7,Participation_Data,48,FALSE)),"No data",VLOOKUP(ProvCommData!B7,Participation_Data,48,FALSE))))) -> No data | E25: =IF(OR(ISERROR(ProvCommData!B3),AND('Adjusted Health Gain Chart'!B11="England",'Adjusted Health Gain Chart'!D11<>"England")),"No data",IF(OR(ProvCommData!B6=Reference!AA3,ProvCommData!B6=Reference!AA5,ProvCommData!B6=Reference!AA4),"No data",IF(ProvCommData!B6=Reference!AA2,VLOOKUP("England",Participation_Data,49,FALSE),IF(ISERROR(VLOOKUP(ProvCommData!B7,Participation_Data,49,FALSE)),"No data",VLOOKUP(ProvCommData!B7,Participation_Data,49,FALSE))))) -> No data | F25: =IF(OR(ISERROR(ProvCommData!B3),AND('Adjusted Health Gain Chart'!B11="England",'Adjusted Health Gain Chart'!D11<>"England")),"No data",IF(OR(ProvCommData!B6=Reference!AA3,ProvCommData!B6=Reference!AA5,ProvCommData!B6=Reference!AA4),"No data",IF(ProvCommData!B6=Reference!AA2,VLOOKUP("England",Participation_Data,50,FALSE),IF(ISERROR(VLOOKUP(ProvCommData!B7,Participation_Data,50,FALSE)),"No data",VLOOKUP(ProvCommData!B7,Participation_Data,50,FALSE))))) -> No data | G25: =IF(OR(ISERROR(ProvCommData!B3),AND('Adjusted Health Gain Chart'!B11="England",'Adjusted Health Gain Chart'!D11<>"England")),"No data",IF(OR(ProvCommData!B6=Reference!AA3,ProvCommData!B6=Reference!AA5,ProvCommData!B6=Reference!AA4),"No data",IF(ProvCommData!B6=Reference!AA2,VLOOKUP("England",Participation_Data,51,FALSE),IF(ISERROR(VLOOKUP(ProvCommData!B7,Participation_Data,51,FALSE)),"No data",VLOOKUP(ProvCommData!B7,Participation_Data,51,FALSE))))) -> No data | I25: Primary | J25: =IF(OR(ISERROR(ProvCommData!B3),AND('Adjusted Health Gain Chart'!B11="England",'Adjusted Health Gain Chart'!D11<>"England")),"No data",IF(OR(ProvCommData!B6=Reference!AA3,ProvCommData!B6=Reference!AA5,ProvCommData!B6=Reference!AA4),"No data",IF(ProvCommData!B6=Reference!AA2,VLOOKUP("England",Participation_Data,48,FALSE),IF(ISERROR(VLOOKUP(ProvCommData!B7,Participation_Data,48,FALSE)),"No data",VLOOKUP(ProvCommData!B7,Participation_Data,48,FALSE))))) -> No data | K25: =IF(OR(ISERROR(ProvCommData!B3),AND('Adjusted Health Gain Chart'!B11="England",'Adjusted Health Gain Chart'!D11<>"England")),"No data",IF(OR(ProvCommData!B6=Reference!AA3,ProvCommData!B6=Reference!AA5,ProvCommData!B6=Reference!AA4),"No data",IF(ProvCommData!B6=Reference!AA2,VLOOKUP("England",Participation_Data,52,FALSE),IF(ISERROR(VLOOKUP(ProvCommData!B7,Participation_Data,52,FALSE)),"No data",VLOOKUP(ProvCommData!B7,Participation_Data,52,FALSE))))) -> No data | L25: =IF(OR(ISERROR(ProvCommData!B3),AND('Adjusted Health Gain Chart'!B11="England",'Adjusted Health Gain Chart'!D11<>"England")),"No data",IF(OR(ProvCommData!B6=Reference!AA3,ProvCommData!B6=Reference!AA5,ProvCommData!B6=Reference!AA4),"No data",IF(ProvCommData!B6=Reference!AA2,VLOOKUP("England",Participation_Data,53,FALSE),IF(ISERROR(VLOOKUP(ProvCommData!B7,Participation_Data,53,FALSE)),"No data",VLOOKUP(ProvCommData!B7,Participation_Data,53,FALSE))))) -> No data | M25: =IF(OR(ISERROR(ProvCommData!B3),AND('Adjusted Health Gain Chart'!B11="England",'Adjusted Health Gain Chart'!D11<>"England")),"No data",IF(OR(ProvCommData!B6=Reference!AA3,ProvCommData!B6=Reference!AA5,ProvCommData!B6=Reference!AA4),"No data",IF(ProvCommData!B6=Reference!AA2,VLOOKUP("England",Participation_Data,54,FALSE),IF(ISERROR(VLOOKUP(ProvCommData!B7,Participation_Data,54,FALSE)),"No data",VLOOKUP(ProvCommData!B7,Participation_Data,54,FALSE))))) -> No data | N25: =IF(OR(ISERROR(ProvCommData!B3),AND('Adjusted Health Gain Chart'!B11="England",'Adjusted Health Gain Chart'!D11<>"England")),"No data",IF(OR(ProvCommData!B6=Reference!AA3,ProvCommData!B6=Reference!AA5,ProvCommData!B6=Reference!AA4),"No data",IF(ProvCommData!B6=Reference!AA2,VLOOKUP("England",Participation_Data,55,FALSE),IF(ISERROR(VLOOKUP(ProvCommData!B7,Participation_Data,55,FALSE)),"No data",VLOOKUP(ProvCommData!B7,Participation_Data,55,FALSE))))) -> No data
B26: Revision | C26: =IF(OR(ISERROR(ProvCommData!B3),AND('Adjusted Health Gain Chart'!B11="England",'Adjusted Health Gain Chart'!D11<>"England")),"No data",IF(OR(ProvCommData!B6=Reference!AA5,ProvCommData!B6=Reference!AA4,ProvCommData!B6=Reference!AA3),"No data",IF(ProvCommData!B6=Reference!AA2,VLOOKUP("England",Participation_Data,56,FALSE),IF(ISERROR(VLOOKUP(ProvCommData!B7,Participation_Data,56,FALSE)),"No data",VLOOKUP(ProvCommData!B7,Participation_Data,56,FALSE))))) -> No data | D26: =IF(OR(ISERROR(ProvCommData!B3),AND('Adjusted Health Gain Chart'!B11="England",'Adjusted Health Gain Chart'!D11<>"England")),"No data",IF(OR(ProvCommData!B6=Reference!AA5,ProvCommData!B6=Reference!AA4,ProvCommData!B6=Reference!AA3),"No data",IF(ProvCommData!B6=Reference!AA2,VLOOKUP("England",Participation_Data,57,FALSE),IF(ISERROR(VLOOKUP(ProvCommData!B7,Participation_Data,57,FALSE)),"No data",VLOOKUP(ProvCommData!B7,Participation_Data,57,FALSE))))) -> No data | E26: =IF(OR(ISERROR(ProvCommData!B3),AND('Adjusted Health Gain Chart'!B11="England",'Adjusted Health Gain Chart'!D11<>"England")),"No data",IF(OR(ProvCommData!B6=Reference!AA5,ProvCommData!B6=Reference!AA4,ProvCommData!B6=Reference!AA3),"No data",IF(ProvCommData!B6=Reference!AA2,VLOOKUP("England",Participation_Data,58,FALSE),IF(ISERROR(VLOOKUP(ProvCommData!B7,Participation_Data,58,FALSE)),"No data",VLOOKUP(ProvCommData!B7,Participation_Data,58,FALSE))))) -> No data | F26: =IF(OR(ISERROR(ProvCommData!B3),AND('Adjusted Health Gain Chart'!B11="England",'Adjusted Health Gain Chart'!D11<>"England")),"No data",IF(OR(ProvCommData!B6=Reference!AA5,ProvCommData!B6=Reference!AA4,ProvCommData!B6=Reference!AA3),"No data",IF(ProvCommData!B6=Reference!AA2,VLOOKUP("England",Participation_Data,59,FALSE),IF(ISERROR(VLOOKUP(ProvCommData!B7,Participation_Data,59,FALSE)),"No data",VLOOKUP(ProvCommData!B7,Participation_Data,59,FALSE))))) -> No data | G26: =IF(OR(ISERROR(ProvCommData!B3),AND('Adjusted Health Gain Chart'!B11="England",'Adjusted Health Gain Chart'!D11<>"England")),"No data",IF(OR(ProvCommData!B6=Reference!AA5,ProvCommData!B6=Reference!AA4,ProvCommData!B6=Reference!AA3),"No data",IF(ProvCommData!B6=Reference!AA2,VLOOKUP("England",Participation_Data,60,FALSE),IF(ISERROR(VLOOKUP(ProvCommData!B7,Participation_Data,60,FALSE)),"No data",VLOOKUP(ProvCommData!B7,Participation_Data,60,FALSE))))) -> No data | I26: Revision | J26: =IF(OR(ISERROR(ProvCommData!B3),AND('Adjusted Health Gain Chart'!B11="England",'Adjusted Health Gain Chart'!D11<>"England")),"No data",IF(OR(ProvCommData!B6=Reference!AA5,ProvCommData!B6=Reference!AA4,ProvCommData!B6=Reference!AA3),"No data",IF(ProvCommData!B6=Reference!AA2,VLOOKUP("England",Participation_Data,57,FALSE),IF(ISERROR(VLOOKUP(ProvCommData!B7,Participation_Data,57,FALSE)),"No data",VLOOKUP(ProvCommData!B7,Participation_Data,57,FALSE))))) -> No data | K26: =IF(OR(ISERROR(ProvCommData!B3),AND('Adjusted Health Gain Chart'!B11="England",'Adjusted Health Gain Chart'!D11<>"England")),"No data",IF(OR(ProvCommData!B6=Reference!AA5,ProvCommData!B6=Reference!AA4,ProvCommData!B6=Reference!AA3),"No data",IF(ProvCommData!B6=Reference!AA2,VLOOKUP("England",Participation_Data,61,FALSE),IF(ISERROR(VLOOKUP(ProvCommData!B7,Participation_Data,61,FALSE)),"No data",VLOOKUP(ProvCommData!B7,Participation_Data,61,FALSE))))) -> No data | L26: =IF(OR(ISERROR(ProvCommData!B3),AND('Adjusted Health Gain Chart'!B11="England",'Adjusted Health Gain Chart'!D11<>"England")),"No data",IF(OR(ProvCommData!B6=Reference!AA5,ProvCommData!B6=Reference!AA4,ProvCommData!B6=Reference!AA3),"No data",IF(ProvCommData!B6=Reference!AA2,VLOOKUP("England",Participation_Data,62,FALSE),IF(ISERROR(VLOOKUP(ProvCommData!B7,Participation_Data,62,FALSE)),"No data",VLOOKUP(ProvCommData!B7,Participation_Data,62,FALSE))))) -> No data | M26: =IF(OR(ISERROR(ProvCommData!B3),AND('Adjusted Health Gain Chart'!B11="England",'Adjusted Health Gain Chart'!D11<>"England")),"No data",IF(OR(ProvCommData!B6=Reference!AA5,ProvCommData!B6=Reference!AA4,ProvCommData!B6=Reference!AA3),"No data",IF(ProvCommData!B6=Reference!AA2,VLOOKUP("England",Participation_Data,63,FALSE),IF(ISERROR(VLOOKUP(ProvCommData!B7,Participation_Data,63,FALSE)),"No data",VLOOKUP(ProvCommData!B7,Participation_Data,63,FALSE))))) -> No data | N26: =IF(OR(ISERROR(ProvCommData!B3),AND('Adjusted Health Gain Chart'!B11="England",'Adjusted Health Gain Chart'!D11<>"England")),"No data",IF(OR(ProvCommData!B6=Reference!AA5,ProvCommData!B6=Reference!AA4,ProvCommData!B6=Reference!AA3),"No data",IF(ProvCommData!B6=Reference!AA2,VLOOKUP("England",Participation_Data,64,FALSE),IF(ISERROR(VLOOKUP(ProvCommData!B7,Participation_Data,64,FALSE)),"No data",VLOOKUP(ProvCommData!B7,Participation_Data,64,FALSE))))) -> No data
B28: 1. Only procedures that can be linked to an eligble hopsital procedure can be split between a primary and revision procedure.
B29: 2. Post-operative follow up questionnaires are issued 6 months following the procedure. This means that such follow up activities and subsequent returns for a number of procedures occurring in the latter half of 2019-20 period such as completion, return and processing will have occurred during a period where restrictions on movement and changes to behaviours could potentially have impacted upon response rate activity for this reporting period whereas this has not been a case in prior years.
B30: =IFERROR(VLOOKUP('Adjusted Health Gain Chart'!D11,Supplier_Note!A:B,2,FALSE),"") -> 3. The participation rate for this supplier may be affected by a change in supplier, please see the "Accredited Supplier Switchover" note on the Title Sheet for more details.
B32: EQ-5DTM Index (a combination of five key criteria concerning general health)
B33: =IF(OR(ISERROR(ProvCommData!$B$3),(AND('Adjusted Health Gain Chart'!B11="England",'Adjusted Health Gain Chart'!D11<>"England"))), "The organisation level and organisation selected are not available - please re-select.",IF(ProvCommData!$C$35="*","The adjusted average health gain for total hip replacement respondents could not be calculated as there were fewer than 30 modelled records. The average adjusted health gain for total hip replacement respondents in England was "& ROUND(ProvCommData!$D$35,3)&".",IF(ProvCommData!$B$6=Reference!$AA$2, "The adjusted average health gain on the EQ-5D Index for total hip replacement respondents following their operation was " & ROUND(ProvCommData!$C$35,3) &" ("& ROUND(ProvCommData!$D$35,3) &" in England)",IF(ProvCommData!$C$35="No data","No modelled records for total hip replacement exist for this measure. The average adjusted health gain for total hip replacement respondents in England was "& ROUND(ProvCommData!$D$35,3)&".","The adjusted average health gain on the EQ-5D Index for total hip replacement respondents following their operation was " & ROUND(ProvCommData!$C$35,3) &" ("& ROUND(ProvCommData!$D$35,3) &" in England).")))) -> The organisation level and organisation selected are not available - please re-select.
B34: =IF(OR(ISERROR(ProvCommData!$B$3),(AND('Adjusted Health Gain Chart'!B11="England",'Adjusted Health Gain Chart'!D11<>"England"))), "The organisation level and organisation selected are not available - please re-select.", IF(ProvCommData!$C$34="*","The adjusted average health gain for hip replacement (primary) respondents could not be calculated as there were fewer than 30 modelled records. The average adjusted health gain for hip replacement (primary) respondents in England was "& ROUND(ProvCommData!$D$34,3)&".",IF(ProvCommData!$B$6=Reference!$AA$2, "The adjusted average health gain on the EQ-5D Index for hip replacement (primary) respondents following their operation was " & ROUND(ProvCommData!$C$34,3) &" ("& ROUND(ProvCommData!$D$34,3) &" in England)",IF(ProvCommData!$C$34="No data","No modelled records for hip replacement (primary) exist for this measure. The average adjusted health gain for hip replacement (primary) respondents in England was "& ROUND(ProvCommData!$D$34,3)&".","The adjusted average health gain on the EQ-5D Index for hip replacement (primary) respondents following their operation was " & ROUND(ProvCommData!$C$34,3) &" ("& ROUND(ProvCommData!$D$34,3) &" in England).")))) -> The organisation level and organisation selected are not available - please re-select.
B35: =IF(OR(ISERROR(ProvCommData!$B$3),(AND('Adjusted Health Gain Chart'!B11="England",'Adjusted Health Gain Chart'!D11<>"England"))), "The organisation level and organisation selected are not available - please re-select.", IF(ProvCommData!$C$33="*","The adjusted average health gain for hip replacement (revision) respondents could not be calculated as there were fewer than 30 modelled records. The average adjusted health gain for hip replacement (revision) respondents in England was "& ROUND(ProvCommData!$D$33,3)&".",IF(ProvCommData!$B$6=Reference!$AA$2, "The adjusted average health gain on the EQ-5D Index for hip replacement (revision) respondents following their operation was " & ROUND(ProvCommData!$C$33,3) &" ("& ROUND(ProvCommData!$D$33,3) &" in England)",IF(ProvCommData!$C$33="No data","No modelled records for hip replacement (revision) exist for this measure. The average adjusted health gain for hip replacement (revision) respondents in England was "& ROUND(ProvCommData!$D$33,3)&".","The adjusted average health gain on the EQ-5D Index for hip replacement (revision) respondents following their operation was " & ROUND(ProvCommData!$C$33,3) &" ("& ROUND(ProvCommData!$D$33,3) &" in England).")))) -> The organisation level and organisation selected are not available - please re-select.
B37: =IF(OR(ISERROR(ProvCommData!$B$3),(AND('Adjusted Health Gain Chart'!B11="England",'Adjusted Health Gain Chart'!D11<>"England"))),"The organisation level and organisation selected are not available - please re-select.",IF(ProvCommData!$C$32="*","The adjusted average health gain for total knee replacement respondents could not be calculated as there were fewer than 30 modelled records. The average adjusted health gain for total knee replacement respondents in England was "& ROUND(ProvCommData!$D$32,3)&".",IF(ProvCommData!$B$6=Reference!$AA$2, "The adjusted average health gain on the EQ-5D Index for total knee replacement respondents following their operation was " & ROUND(ProvCommData!$C$32,3) &" ("& ROUND(ProvCommData!$D$32,3) &" in England)",IF(ProvCommData!$C$32="No data","No modelled records for total knee replacement exist for this measure. The average adjusted health gain for total knee replacement respondents in England was "& ROUND(ProvCommData!$D$32,3)&".","The adjusted average health gain on the EQ-5D Index for total knee replacement respondents following their operation was " & ROUND(ProvCommData!$C$32,3) &" ("& ROUND(ProvCommData!$D$32,3) &" in England).")))) -> The organisation level and organisation selected are not available - please re-select.
B38: =IF(OR(ISERROR(ProvCommData!$B$3),(AND('Adjusted Health Gain Chart'!B11="England",'Adjusted Health Gain Chart'!D11<>"England"))),"The organisation level and organisation selected are not available - please re-select.",IF(ProvCommData!$C$31="*","The adjusted average health gain for knee replacement (primary) respondents could not be calculated as there were fewer than 30 modelled records. The average adjusted health gain for knee replacement (primary) respondents in England was "& ROUND(ProvCommData!$D$31,3)&".",IF(ProvCommData!$B$6=Reference!$AA$2, "The adjusted average health gain on the EQ-5D Index for knee replacement (primary) respondents following their operation was " & ROUND(ProvCommData!$C$31,3) &" ("& ROUND(ProvCommData!$D$31,3) &" in England)",IF(ProvCommData!$C$31="No data","No modelled records for knee replacement (primary) exist for this measure. The average adjusted health gain for knee replacement (primary) respondents in England was "& ROUND(ProvCommData!$D$31,3)&".","The adjusted average health gain on the EQ-5D Index for knee replacement (primary) respondents following their operation was " & ROUND(ProvCommData!$C$31,3) &" ("& ROUND(ProvCommData!$D$31,3) &" in England).")))) -> The organisation level and organisation selected are not available - please re-select.
B39: =IF(OR(ISERROR(ProvCommData!$B$3),(AND('Adjusted Health Gain Chart'!B11="England",'Adjusted Health Gain Chart'!D11<>"England"))),"The organisation level and organisation selected are not available - please re-select.",IF(ProvCommData!$G$30<200,"The England-level adjusted average health gain on the EQ-5D Index for knee replacement (revision) is not calculated as there are fewer than 200 modelled records.",IF(ProvCommData!$C$30="*","The adjusted average health gain for knee replacement (revision) respondents could not be calculated as there were fewer than 30 modelled records. The average adjusted health gain for knee replacement (revision) respondents in England was "& ROUND(ProvCommData!$D$30,3)&".",IF(ProvCommData!$B$6=Reference!$AA$2, "The adjusted average health gain on the EQ-5D Index for knee replacement (revision) respondents following their operation was " & ROUND(ProvCommData!$C$30,3) &" ("& ROUND(ProvCommData!$D$30,3) &" in England)",IF(ProvCommData!$C$30="No data","No modelled records for knee replacement (revision) exist for this measure. The average adjusted health gain for knee replacement (revision) respondents in England was "& ROUND(ProvCommData!$D$30,3)&".","The adjusted average health gain on the EQ-5D Index for knee replacement (revision) respondents following their operation was " & ROUND(ProvCommData!$C$30,3) &" ("& ROUND(ProvCommData!$D$30,3) &" in England)."))))) -> The organisation level and organisation selected are not available - please re-select.
B41: EQ VAS (current state of the patient's general health marked on a visual analogue scale)
B42: =IF(OR(ISERROR(ProvCommData!$B$3),(AND('Adjusted Health Gain Chart'!B11="England",'Adjusted Health Gain Chart'!D11<>"England"))),"The organisation level and organisation selected are not available - please re-select.",IF(ProvCommData!$C$27="*","The adjusted average health gain for total hip replacement respondents could not be calculated as there were fewer than 30 modelled records. The average adjusted health gain for total hip replacement respondents in England was "& ROUND(ProvCommData!$D$27,1)&".",IF(ProvCommData!$B$6=Reference!$AA$2, "The adjusted average health gain on the EQ-VAS for total hip replacement respondents following their operation was " & ROUND(ProvCommData!$C$27,1) &" ("& ROUND(ProvCommData!$D$27,1) &" in England)",IF(ProvCommData!$C$27="No data","No modelled records for total hip replacement exist for this measure. The average adjusted health gain for total hip replacement respondents in England was "& ROUND(ProvCommData!$D$27,1)&".","The adjusted average health gain on the EQ-VAS for total hip replacement respondents following their operation was " & ROUND(ProvCommData!$C$27,3) &" ("& ROUND(ProvCommData!$D$27,1) &" in England).")))) -> The organisation level and organisation selected are not available - please re-select.
B43: =IF(OR(ISERROR(ProvCommData!$B$3),(AND('Adjusted Health Gain Chart'!B11="England",'Adjusted Health Gain Chart'!D11<>"England"))),"The organisation level and organisation selected are not available - please re-select.",IF(ProvCommData!$C$26="*","The adjusted average health gain for hip replacement (primary) respondents could not be calculated as there were fewer than 30 modelled records. The average adjusted health gain for hip replacement (primary) respondents in England was "& ROUND(ProvCommData!$D$26,1)&".",IF(ProvCommData!$B$6=Reference!$AA$2, "The adjusted average health gain on the EQ-VAS for hip replacement (primary) respondents following their operation was " & ROUND(ProvCommData!$C$26,1) &" ("& ROUND(ProvCommData!$D$26,1) &" in England)",IF(ProvCommData!$C$26="No data","No modelled records for hip replacement (primary) exist for this measure. The average adjusted health gain for hip replacement (primary) respondents in England was "& ROUND(ProvCommData!$D$26,1)&".","The adjusted average health gain on the EQ-VAS for hip replacement (primary) respondents following their operation was " & ROUND(ProvCommData!$C$26,1) &" ("& ROUND(ProvCommData!$D$26,1) &" in England).")))) -> The organisation level and organisation selected are not available - please re-select.
B44: =IF(OR(ISERROR(ProvCommData!$B$3),(AND('Adjusted Health Gain Chart'!B11="England",'Adjusted Health Gain Chart'!D11<>"England"))),"The organisation level and organisation selected are not available - please re-select.",IF(ProvCommData!$C$25="*","The adjusted average health gain for hip replacement (revision) respondents could not be calculated as there were fewer than 30 modelled records. The average adjusted health gain for hip replacement (revision) respondents in England was "& ROUND(ProvCommData!$D$25,1)&".",IF(ProvCommData!$B$6=Reference!$AA$2, "The adjusted average health gain on the EQ-VAS for hip replacement (revision) respondents following their operation was " & ROUND(ProvCommData!$C$25,1) &" ("& ROUND(ProvCommData!$D$25,1) &" in England)",IF(ProvCommData!$C$25="No data","No modelled records for hip replacement (revision) exist for this measure. The average adjusted health gain for hip replacement (revision) respondents in England was "& ROUND(ProvCommData!$D$25,1)&".","The adjusted average health gain on the EQ-VAS for hip replacement (revision) respondents following their operation was " & ROUND(ProvCommData!$C$25,1) &" ("& ROUND(ProvCommData!$D$25,1) &" in England).")))) -> The organisation level and organisation selected are not available - please re-select.
B46: =IF(OR(ISERROR(ProvCommData!$B$3),(AND('Adjusted Health Gain Chart'!B11="England",'Adjusted Health Gain Chart'!D11<>"England"))),"The organisation level and organisation selected are not available - please re-select.",IF(ProvCommData!$C$24="*","The adjusted average health gain for total knee replacement respondents could not be calculated as there were fewer than 30 modelled records. The average adjusted health gain for total knee replacement respondents in England was "& ROUND(ProvCommData!$D$24,1)&".",IF(ProvCommData!$B$6=Reference!$AA$2, "The adjusted average health gain on the EQ-VAS for total knee replacement respondents following their operation was " & ROUND(ProvCommData!$C$24,1) &" ("& ROUND(ProvCommData!$D$24,1) &" in England)",IF(ProvCommData!$C$24="No data","No modelled records for total knee replacement exist for this measure. The average adjusted health gain for total knee replacement respondents in England was "& ROUND(ProvCommData!$D$24,1)&".","The adjusted average health gain on the EQ-VAS for total knee replacement respondents following their operation was " & ROUND(ProvCommData!$C$24,1) &" ("& ROUND(ProvCommData!$D$24,1) &" in England).")))) -> The organisation level and organisation selected are not available - please re-select.
B47: =IF(OR(ISERROR(ProvCommData!$B$3),(AND('Adjusted Health Gain Chart'!B11="England",'Adjusted Health Gain Chart'!D11<>"England"))),"The organisation level and organisation selected are not available - please re-select.",IF(ProvCommData!$C$23="*","The adjusted average health gain for knee replacement (primary) respondents could not be calculated as there were fewer than 30 modelled records. The average adjusted health gain for knee replacement (primary)respondents in England was "& ROUND(ProvCommData!$D$23,1)&".",IF(ProvCommData!$B$6=Reference!$AA$2, "The adjusted average health gain on the EQ-VAS for knee replacement (primary) respondents following their operation was " & ROUND(ProvCommData!$C$23,1) &" ("& ROUND(ProvCommData!$D$23,1) &" in England)",IF(ProvCommData!$C$23="No data","No modelled records for knee replacement (primary) exist for this measure. The average adjusted health gain for knee replacement (primary)respondents in England was "& ROUND(ProvCommData!$D$23,1)&".","The adjusted average health gain on the EQ-VAS for knee replacement (primary) respondents following their operation was " & ROUND(ProvCommData!$C$23,1) &" ("& ROUND(ProvCommData!$D$23,1) &" in England).")))) -> The organisation level and organisation selected are not available - please re-select.
B48: =IF(OR(ISERROR(ProvCommData!$B$3),(AND('Adjusted Health Gain Chart'!B11="England",'Adjusted Health Gain Chart'!D11<>"England"))),"The organisation level and organisation selected are not available - please re-select.",IF(ProvCommData!$G$22<200,"The England-level adjusted average health gain on the EQ VAS for knee replacement (revision) is not calculated as there are fewer than 200 modelled records.",IF(ProvCommData!$C$22="*","The adjusted average health gain for knee replacement (revision) respondents could not be calculated as there were fewer than 30 modelled records. The average adjusted health gain for knee replacement (revision) respondents in England was "& ROUND(ProvCommData!$D$22,1)&".",IF(ProvCommData!$B$6=Reference!$AA$2, "The adjusted average health gain on the EQ-VAS for knee replacement (revision) respondents following their operation was " & ROUND(ProvCommData!$C$22,1) &" ("& ROUND(ProvCommData!$D$22,1) &" in England)",IF(ProvCommData!$C$22="No data","No modelled records for knee replacement (revision) exist for this measure. The average adjusted health gain for knee replacement (revision) respondents in England was "& ROUND(ProvCommData!$D$22,1)&".","The adjusted average health gain on the EQ-VAS for knee replacement (revision) respondents following their operation was " & ROUND(ProvCommData!$C$22,1) &" ("& ROUND(ProvCommData!$D$22,1) &" in England)."))))) -> The organisation level and organisation selected are not available - please re-select.
B50: Condition Specific Measures (a series of questions specific to the patient's condition)
B51: =IF(OR(ISERROR(ProvCommData!$B$3),(AND('Adjusted Health Gain Chart'!B11="England",'Adjusted Health Gain Chart'!D11<>"England"))),"The organisation level and organisation selected are not available - please re-select.",IF(ProvCommData!$C$19="*","The adjusted average health gain for total hip replacement respondents could not be calculated as there were fewer than 30 modelled records. The average adjusted health gain for total hip replacement respondents in England was "& ROUND(ProvCommData!$D$19,1)&".",IF(ProvCommData!$B$6=Reference!$AA$2, "The adjusted average health gain on the Oxford Hip Score for total hip replacement respondents following their operation was " & ROUND(ProvCommData!$C$19,1) &" ("& ROUND(ProvCommData!$D$19,1) &" in England)",IF(ProvCommData!$C$19="No data","No modelled records for total hip replacements exist for this measure. The average adjusted health gain for total hip replacement respondents in England was "& ROUND(ProvCommData!$D$19,1)&".","The adjusted average health gain on the Oxford Hip Score for total hip replacement respondents following their operation was " & ROUND(ProvCommData!$C$19,1) &" ("& ROUND(ProvCommData!$D$19,1) &" in England).")))) -> The organisation level and organisation selected are not available - please re-select.
B52: =IF(OR(ISERROR(ProvCommData!$B$3),(AND('Adjusted Health Gain Chart'!B11="England",'Adjusted Health Gain Chart'!D11<>"England"))),"The organisation level and organisation selected are not available - please re-select.",IF(ProvCommData!$C$18="*","The adjusted average health gain for hip replacement (primary) respondents could not be calculated as there were fewer than 30 modelled records. The average adjusted health gain for hip replacement (primary) respondents in England was "& ROUND(ProvCommData!$D$18,1)&".",IF(ProvCommData!$B$6=Reference!$AA$2, "The adjusted average health gain on the Oxford Hip Score for hip replacement (primary) respondents following their operation was " & ROUND(ProvCommData!$C$18,1) &" ("& ROUND(ProvCommData!$D$18,1) &" in England)",IF(ProvCommData!$C$18="No data","No modelled records for hip replacement (primary) exist for this measure. The average adjusted health gain for hip replacement (primary) respondents in England was "& ROUND(ProvCommData!$D$18,1)&".","The adjusted average health gain on the Oxford Hip Score for hip replacement (primary) respondents following their operation was " & ROUND(ProvCommData!$C$18,1) &" ("& ROUND(ProvCommData!$D$18,1) &" in England).")))) -> The organisation level and organisation selected are not available - please re-select.
B53: =IF(OR(ISERROR(ProvCommData!$B$3),(AND('Adjusted Health Gain Chart'!B11="England",'Adjusted Health Gain Chart'!D11<>"England"))),"The organisation level and organisation selected are not available - please re-select.",IF(ProvCommData!$C$17="*","The adjusted average health gain for hip replacement (revision) respondents could not be calculated as there were fewer than 30 modelled records. The average adjusted health gain for hip replacement (revision) respondents in England was "& ROUND(ProvCommData!$D$17,1)&".",IF(ProvCommData!$B$6=Reference!$AA$2, "The adjusted average health gain on the Oxford Hip Score for hip replacement (revision) respondents following their operation was " & ROUND(ProvCommData!$C$17,1) &" ("& ROUND(ProvCommData!$D$17,1) &" in England)",IF(ProvCommData!$C$17="No data","No modelled records for hip replacement (revision) exist for this measure. The average adjusted health gain for hip replacement (revision) respondents in England was "& ROUND(ProvCommData!$D$17,1)&".","The adjusted average health gain on the Oxford Hip Score for hip replacement (revision) respondents following their operation was " & ROUND(ProvCommData!$C$17,1) &" ("& ROUND(ProvCommData!$D$17,1) &" in England).")))) -> The organisation level and organisation selected are not available - please re-select.
B55: =IF(OR(ISERROR(ProvCommData!$B$3),(AND('Adjusted Health Gain Chart'!B11="England",'Adjusted Health Gain Chart'!D11<>"England"))),"The organisation level and organisation selected are not available - please re-select.",IF(ProvCommData!$C$13="*","The adjusted average health gain for total knee replacement respondents could not be calculated as there were fewer than 30 modelled records. The average adjusted health gain for total knee replacement respondents in England was "& ROUND(ProvCommData!$D$13,1)&".",IF(ProvCommData!$B$6=Reference!$AA$2, "The adjusted average health gain on the Oxford Knee Score for total knee replacement respondents following their operation was " & ROUND(ProvCommData!$C$13,1) &" ("& ROUND(ProvCommData!$D$13,1) &" in England)",IF(ProvCommData!$C$13="No data","No modelled records for total knee replacements exist for this measure. The average adjusted health gain for total knee replacement respondents in England was "& ROUND(ProvCommData!$D$13,1)&".","The adjusted average health gain on the Oxford Knee Score for total knee replacement respondents following their operation was " & ROUND(ProvCommData!$C$13,1) &" ("& ROUND(ProvCommData!$D$13,1) &" in England).")))) -> The organisation level and organisation selected are not available - please re-select.
